// @generated
// This file is @generated by prost-build.
// =============================================================================
// Commit Operations
// =============================================================================

#[derive(Clone, PartialEq, ::prost::Message)]
pub struct Commit {
    /// SHA-like hash
    #[prost(string, tag = "1")]
    pub id: ::prost::alloc::string::String,
    #[prost(string, tag = "2")]
    pub ontology_id: ::prost::alloc::string::String,
    #[prost(string, tag = "3")]
    pub branch_id: ::prost::alloc::string::String,
    #[prost(string, tag = "4")]
    pub message: ::prost::alloc::string::String,
    #[prost(string, tag = "5")]
    pub author_id: ::prost::alloc::string::String,
    /// previous commit hash
    #[prost(string, tag = "6")]
    pub parent_id: ::prost::alloc::string::String,
    #[prost(string, repeated, tag = "7")]
    pub diff_ids: ::prost::alloc::vec::Vec<::prost::alloc::string::String>,
    /// ISO 8601
    #[prost(string, tag = "8")]
    pub created_at: ::prost::alloc::string::String,
    /// extensible metadata (e.g., source_file from ApplySequence)
    #[prost(map = "string, string", tag = "9")]
    pub metadata: ::std::collections::HashMap<::prost::alloc::string::String, ::prost::alloc::string::String>,
}
#[derive(Clone, PartialEq, ::prost::Message)]
pub struct CreateCommitRequest {
    #[prost(string, tag = "1")]
    pub ontology_id: ::prost::alloc::string::String,
    #[prost(string, tag = "2")]
    pub branch_id: ::prost::alloc::string::String,
    #[prost(string, tag = "3")]
    pub message: ::prost::alloc::string::String,
    #[prost(string, tag = "4")]
    pub author_id: ::prost::alloc::string::String,
    #[prost(string, tag = "5")]
    pub parent_id: ::prost::alloc::string::String,
    #[prost(map = "string, string", tag = "6")]
    pub metadata: ::std::collections::HashMap<::prost::alloc::string::String, ::prost::alloc::string::String>,
}
#[derive(Clone, PartialEq, ::prost::Message)]
pub struct CreateCommitResponse {
    #[prost(message, optional, tag = "1")]
    pub commit: ::core::option::Option<Commit>,
    #[prost(message, optional, tag = "2")]
    pub error: ::core::option::Option<super::super::common::v1::ErrorDetail>,
}
#[derive(Clone, PartialEq, Eq, Hash, ::prost::Message)]
pub struct GetCommitRequest {
    #[prost(string, tag = "1")]
    pub ontology_id: ::prost::alloc::string::String,
    #[prost(string, tag = "2")]
    pub commit_id: ::prost::alloc::string::String,
}
#[derive(Clone, PartialEq, ::prost::Message)]
pub struct GetCommitResponse {
    #[prost(message, optional, tag = "1")]
    pub commit: ::core::option::Option<Commit>,
    #[prost(message, optional, tag = "2")]
    pub error: ::core::option::Option<super::super::common::v1::ErrorDetail>,
}
#[derive(Clone, PartialEq, Eq, Hash, ::prost::Message)]
pub struct ListCommitsRequest {
    #[prost(string, tag = "1")]
    pub ontology_id: ::prost::alloc::string::String,
    #[prost(string, tag = "2")]
    pub branch_id: ::prost::alloc::string::String,
    #[prost(message, optional, tag = "3")]
    pub pagination: ::core::option::Option<super::super::common::v1::PaginationRequest>,
}
#[derive(Clone, PartialEq, ::prost::Message)]
pub struct ListCommitsResponse {
    #[prost(message, repeated, tag = "1")]
    pub commits: ::prost::alloc::vec::Vec<Commit>,
    #[prost(message, optional, tag = "2")]
    pub pagination: ::core::option::Option<super::super::common::v1::PaginationResponse>,
    #[prost(message, optional, tag = "3")]
    pub error: ::core::option::Option<super::super::common::v1::ErrorDetail>,
}
// =============================================================================
// Branch Operations
// =============================================================================

#[derive(Clone, PartialEq, Eq, Hash, ::prost::Message)]
pub struct Branch {
    #[prost(string, tag = "1")]
    pub id: ::prost::alloc::string::String,
    #[prost(string, tag = "2")]
    pub ontology_id: ::prost::alloc::string::String,
    #[prost(string, tag = "3")]
    pub name: ::prost::alloc::string::String,
    #[prost(string, tag = "4")]
    pub head_commit_id: ::prost::alloc::string::String,
    #[prost(bool, tag = "5")]
    pub is_protected: bool,
    #[prost(bool, tag = "6")]
    pub is_default: bool,
    #[prost(string, tag = "7")]
    pub created_at: ::prost::alloc::string::String,
    #[prost(string, tag = "8")]
    pub created_by: ::prost::alloc::string::String,
}
#[derive(Clone, PartialEq, Eq, Hash, ::prost::Message)]
pub struct CreateBranchRequest {
    #[prost(string, tag = "1")]
    pub ontology_id: ::prost::alloc::string::String,
    #[prost(string, tag = "2")]
    pub name: ::prost::alloc::string::String,
    /// branch to fork from
    #[prost(string, tag = "3")]
    pub source_branch_id: ::prost::alloc::string::String,
    /// optional — specific commit to branch from
    #[prost(string, tag = "4")]
    pub source_commit_id: ::prost::alloc::string::String,
}
#[derive(Clone, PartialEq, Eq, Hash, ::prost::Message)]
pub struct CreateBranchResponse {
    #[prost(message, optional, tag = "1")]
    pub branch: ::core::option::Option<Branch>,
    #[prost(message, optional, tag = "2")]
    pub error: ::core::option::Option<super::super::common::v1::ErrorDetail>,
}
#[derive(Clone, PartialEq, Eq, Hash, ::prost::Message)]
pub struct GetBranchRequest {
    #[prost(string, tag = "1")]
    pub ontology_id: ::prost::alloc::string::String,
    #[prost(string, tag = "2")]
    pub branch_id: ::prost::alloc::string::String,
}
#[derive(Clone, PartialEq, Eq, Hash, ::prost::Message)]
pub struct GetBranchResponse {
    #[prost(message, optional, tag = "1")]
    pub branch: ::core::option::Option<Branch>,
    #[prost(message, optional, tag = "2")]
    pub error: ::core::option::Option<super::super::common::v1::ErrorDetail>,
}
#[derive(Clone, PartialEq, Eq, Hash, ::prost::Message)]
pub struct ListBranchesRequest {
    #[prost(string, tag = "1")]
    pub ontology_id: ::prost::alloc::string::String,
    #[prost(message, optional, tag = "2")]
    pub pagination: ::core::option::Option<super::super::common::v1::PaginationRequest>,
}
#[derive(Clone, PartialEq, ::prost::Message)]
pub struct ListBranchesResponse {
    #[prost(message, repeated, tag = "1")]
    pub branches: ::prost::alloc::vec::Vec<Branch>,
    #[prost(message, optional, tag = "2")]
    pub pagination: ::core::option::Option<super::super::common::v1::PaginationResponse>,
    #[prost(message, optional, tag = "3")]
    pub error: ::core::option::Option<super::super::common::v1::ErrorDetail>,
}
#[derive(Clone, PartialEq, Eq, Hash, ::prost::Message)]
pub struct DeleteBranchRequest {
    #[prost(string, tag = "1")]
    pub ontology_id: ::prost::alloc::string::String,
    #[prost(string, tag = "2")]
    pub branch_id: ::prost::alloc::string::String,
}
#[derive(Clone, PartialEq, Eq, Hash, ::prost::Message)]
pub struct DeleteBranchResponse {
    #[prost(bool, tag = "1")]
    pub success: bool,
    #[prost(message, optional, tag = "2")]
    pub error: ::core::option::Option<super::super::common::v1::ErrorDetail>,
}
#[derive(Clone, PartialEq, Eq, Hash, ::prost::Message)]
pub struct SwitchBranchRequest {
    #[prost(string, tag = "1")]
    pub ontology_id: ::prost::alloc::string::String,
    #[prost(string, tag = "2")]
    pub branch_id: ::prost::alloc::string::String,
}
#[derive(Clone, PartialEq, Eq, Hash, ::prost::Message)]
pub struct SwitchBranchResponse {
    #[prost(bool, tag = "1")]
    pub success: bool,
    #[prost(string, tag = "2")]
    pub new_head_commit_id: ::prost::alloc::string::String,
    #[prost(message, optional, tag = "3")]
    pub error: ::core::option::Option<super::super::common::v1::ErrorDetail>,
}
// =============================================================================
// Diff Operations
// =============================================================================

#[derive(Clone, PartialEq, Eq, Hash, ::prost::Message)]
pub struct DiffEntry {
    #[prost(enumeration = "diff_entry::ChangeType", tag = "1")]
    pub change_type: i32,
    #[prost(string, tag = "2")]
    pub entity_id: ::prost::alloc::string::String,
    /// "class", "property", "individual"
    #[prost(string, tag = "3")]
    pub entity_type: ::prost::alloc::string::String,
    /// JSON snapshot before change
    #[prost(string, tag = "4")]
    pub before_json: ::prost::alloc::string::String,
    /// JSON snapshot after change
    #[prost(string, tag = "5")]
    pub after_json: ::prost::alloc::string::String,
}
/// Nested message and enum types in `DiffEntry`.
pub mod diff_entry {
    #[derive(Clone, Copy, Debug, PartialEq, Eq, Hash, PartialOrd, Ord, ::prost::Enumeration)]
    #[repr(i32)]
    pub enum ChangeType {
        Unspecified = 0,
        Added = 1,
        Modified = 2,
        Deleted = 3,
    }
    impl ChangeType {
        /// String value of the enum field names used in the ProtoBuf definition.
        ///
        /// The values are not transformed in any way and thus are considered stable
        /// (if the ProtoBuf definition does not change) and safe for programmatic use.
        pub fn as_str_name(&self) -> &'static str {
            match self {
                Self::Unspecified => "CHANGE_TYPE_UNSPECIFIED",
                Self::Added => "CHANGE_TYPE_ADDED",
                Self::Modified => "CHANGE_TYPE_MODIFIED",
                Self::Deleted => "CHANGE_TYPE_DELETED",
            }
        }
        /// Creates an enum from field names used in the ProtoBuf definition.
        pub fn from_str_name(value: &str) -> ::core::option::Option<Self> {
            match value {
                "CHANGE_TYPE_UNSPECIFIED" => Some(Self::Unspecified),
                "CHANGE_TYPE_ADDED" => Some(Self::Added),
                "CHANGE_TYPE_MODIFIED" => Some(Self::Modified),
                "CHANGE_TYPE_DELETED" => Some(Self::Deleted),
                _ => None,
            }
        }
    }
}
#[derive(Clone, PartialEq, Eq, Hash, ::prost::Message)]
pub struct GetDiffRequest {
    #[prost(string, tag = "1")]
    pub ontology_id: ::prost::alloc::string::String,
    #[prost(string, tag = "2")]
    pub base_commit_id: ::prost::alloc::string::String,
    #[prost(string, tag = "3")]
    pub target_commit_id: ::prost::alloc::string::String,
}
#[derive(Clone, PartialEq, ::prost::Message)]
pub struct GetDiffResponse {
    #[prost(message, repeated, tag = "1")]
    pub entries: ::prost::alloc::vec::Vec<DiffEntry>,
    #[prost(int32, tag = "2")]
    pub total_changes: i32,
    #[prost(message, optional, tag = "3")]
    pub error: ::core::option::Option<super::super::common::v1::ErrorDetail>,
}
#[derive(Clone, PartialEq, Eq, Hash, ::prost::Message)]
pub struct GetCommitDeltaRequest {
    #[prost(string, tag = "1")]
    pub ontology_id: ::prost::alloc::string::String,
    #[prost(string, tag = "2")]
    pub commit_id: ::prost::alloc::string::String,
}
#[derive(Clone, PartialEq, ::prost::Message)]
pub struct GetCommitDeltaResponse {
    #[prost(message, repeated, tag = "1")]
    pub entries: ::prost::alloc::vec::Vec<DiffEntry>,
    #[prost(string, tag = "2")]
    pub commit_id: ::prost::alloc::string::String,
    #[prost(message, optional, tag = "3")]
    pub error: ::core::option::Option<super::super::common::v1::ErrorDetail>,
}
// =============================================================================
// Merge Operations
// =============================================================================

#[derive(Clone, PartialEq, Eq, Hash, ::prost::Message)]
pub struct MergeRequest {
    #[prost(string, tag = "1")]
    pub ontology_id: ::prost::alloc::string::String,
    #[prost(string, tag = "2")]
    pub source_branch_id: ::prost::alloc::string::String,
    #[prost(string, tag = "3")]
    pub target_branch_id: ::prost::alloc::string::String,
    #[prost(string, tag = "4")]
    pub commit_message: ::prost::alloc::string::String,
    #[prost(string, tag = "5")]
    pub author_id: ::prost::alloc::string::String,
}
#[derive(Clone, PartialEq, Eq, Hash, ::prost::Message)]
pub struct MergeResponse {
    #[prost(bool, tag = "1")]
    pub success: bool,
    #[prost(string, tag = "2")]
    pub merge_commit_id: ::prost::alloc::string::String,
    /// list of entity IDs with conflicts
    #[prost(string, repeated, tag = "3")]
    pub conflicts: ::prost::alloc::vec::Vec<::prost::alloc::string::String>,
    #[prost(message, optional, tag = "4")]
    pub error: ::core::option::Option<super::super::common::v1::ErrorDetail>,
}
// =============================================================================
// Rollback Operations
// =============================================================================

#[derive(Clone, PartialEq, Eq, Hash, ::prost::Message)]
pub struct RollbackRequest {
    #[prost(string, tag = "1")]
    pub ontology_id: ::prost::alloc::string::String,
    #[prost(string, tag = "2")]
    pub branch_id: ::prost::alloc::string::String,
    /// rollback to this commit
    #[prost(string, tag = "3")]
    pub target_commit_id: ::prost::alloc::string::String,
    #[prost(string, tag = "4")]
    pub author_id: ::prost::alloc::string::String,
}
#[derive(Clone, PartialEq, Eq, Hash, ::prost::Message)]
pub struct RollbackResponse {
    #[prost(bool, tag = "1")]
    pub success: bool,
    #[prost(string, tag = "2")]
    pub new_head_commit_id: ::prost::alloc::string::String,
    #[prost(message, optional, tag = "3")]
    pub error: ::core::option::Option<super::super::common::v1::ErrorDetail>,
}
// =============================================================================
// Checkout Operations
// =============================================================================

#[derive(Clone, PartialEq, Eq, Hash, ::prost::Message)]
pub struct CheckoutRequest {
    #[prost(string, tag = "1")]
    pub ontology_id: ::prost::alloc::string::String,
    #[prost(string, tag = "2")]
    pub commit_id: ::prost::alloc::string::String,
    #[prost(string, tag = "3")]
    pub branch_id: ::prost::alloc::string::String,
}
#[derive(Clone, PartialEq, Eq, Hash, ::prost::Message)]
pub struct CheckoutResponse {
    #[prost(bool, tag = "1")]
    pub success: bool,
    #[prost(message, optional, tag = "2")]
    pub error: ::core::option::Option<super::super::common::v1::ErrorDetail>,
}
/// Encoded file descriptor set for the `vedo.versioning.v1` package
pub const FILE_DESCRIPTOR_SET: &[u8] = &[
    0x0a, 0xe6, 0x76, 0x0a, 0x1e, 0x76, 0x65, 0x72, 0x73, 0x69, 0x6f, 0x6e, 0x69, 0x6e, 0x67, 0x2f,
    0x76, 0x31, 0x2f, 0x76, 0x65, 0x72, 0x73, 0x69, 0x6f, 0x6e, 0x69, 0x6e, 0x67, 0x2e, 0x70, 0x72,
    0x6f, 0x74, 0x6f, 0x12, 0x12, 0x76, 0x65, 0x64, 0x6f, 0x2e, 0x76, 0x65, 0x72, 0x73, 0x69, 0x6f,
    0x6e, 0x69, 0x6e, 0x67, 0x2e, 0x76, 0x31, 0x1a, 0x16, 0x63, 0x6f, 0x6d, 0x6d, 0x6f, 0x6e, 0x2f,
    0x76, 0x31, 0x2f, 0x63, 0x6f, 0x6d, 0x6d, 0x6f, 0x6e, 0x2e, 0x70, 0x72, 0x6f, 0x74, 0x6f, 0x22,
    0xe7, 0x02, 0x0a, 0x06, 0x43, 0x6f, 0x6d, 0x6d, 0x69, 0x74, 0x12, 0x0e, 0x0a, 0x02, 0x69, 0x64,
    0x18, 0x01, 0x20, 0x01, 0x28, 0x09, 0x52, 0x02, 0x69, 0x64, 0x12, 0x1f, 0x0a, 0x0b, 0x6f, 0x6e,
    0x74, 0x6f, 0x6c, 0x6f, 0x67, 0x79, 0x5f, 0x69, 0x64, 0x18, 0x02, 0x20, 0x01, 0x28, 0x09, 0x52,
    0x0a, 0x6f, 0x6e, 0x74, 0x6f, 0x6c, 0x6f, 0x67, 0x79, 0x49, 0x64, 0x12, 0x1b, 0x0a, 0x09, 0x62,
    0x72, 0x61, 0x6e, 0x63, 0x68, 0x5f, 0x69, 0x64, 0x18, 0x03, 0x20, 0x01, 0x28, 0x09, 0x52, 0x08,
    0x62, 0x72, 0x61, 0x6e, 0x63, 0x68, 0x49, 0x64, 0x12, 0x18, 0x0a, 0x07, 0x6d, 0x65, 0x73, 0x73,
    0x61, 0x67, 0x65, 0x18, 0x04, 0x20, 0x01, 0x28, 0x09, 0x52, 0x07, 0x6d, 0x65, 0x73, 0x73, 0x61,
    0x67, 0x65, 0x12, 0x1b, 0x0a, 0x09, 0x61, 0x75, 0x74, 0x68, 0x6f, 0x72, 0x5f, 0x69, 0x64, 0x18,
    0x05, 0x20, 0x01, 0x28, 0x09, 0x52, 0x08, 0x61, 0x75, 0x74, 0x68, 0x6f, 0x72, 0x49, 0x64, 0x12,
    0x1b, 0x0a, 0x09, 0x70, 0x61, 0x72, 0x65, 0x6e, 0x74, 0x5f, 0x69, 0x64, 0x18, 0x06, 0x20, 0x01,
    0x28, 0x09, 0x52, 0x08, 0x70, 0x61, 0x72, 0x65, 0x6e, 0x74, 0x49, 0x64, 0x12, 0x19, 0x0a, 0x08,
    0x64, 0x69, 0x66, 0x66, 0x5f, 0x69, 0x64, 0x73, 0x18, 0x07, 0x20, 0x03, 0x28, 0x09, 0x52, 0x07,
    0x64, 0x69, 0x66, 0x66, 0x49, 0x64, 0x73, 0x12, 0x1d, 0x0a, 0x0a, 0x63, 0x72, 0x65, 0x61, 0x74,
    0x65, 0x64, 0x5f, 0x61, 0x74, 0x18, 0x08, 0x20, 0x01, 0x28, 0x09, 0x52, 0x09, 0x63, 0x72, 0x65,
    0x61, 0x74, 0x65, 0x64, 0x41, 0x74, 0x12, 0x44, 0x0a, 0x08, 0x6d, 0x65, 0x74, 0x61, 0x64, 0x61,
    0x74, 0x61, 0x18, 0x09, 0x20, 0x03, 0x28, 0x0b, 0x32, 0x28, 0x2e, 0x76, 0x65, 0x64, 0x6f, 0x2e,
    0x76, 0x65, 0x72, 0x73, 0x69, 0x6f, 0x6e, 0x69, 0x6e, 0x67, 0x2e, 0x76, 0x31, 0x2e, 0x43, 0x6f,
    0x6d, 0x6d, 0x69, 0x74, 0x2e, 0x4d, 0x65, 0x74, 0x61, 0x64, 0x61, 0x74, 0x61, 0x45, 0x6e, 0x74,
    0x72, 0x79, 0x52, 0x08, 0x6d, 0x65, 0x74, 0x61, 0x64, 0x61, 0x74, 0x61, 0x1a, 0x3b, 0x0a, 0x0d,
    0x4d, 0x65, 0x74, 0x61, 0x64, 0x61, 0x74, 0x61, 0x45, 0x6e, 0x74, 0x72, 0x79, 0x12, 0x10, 0x0a,
    0x03, 0x6b, 0x65, 0x79, 0x18, 0x01, 0x20, 0x01, 0x28, 0x09, 0x52, 0x03, 0x6b, 0x65, 0x79, 0x12,
    0x14, 0x0a, 0x05, 0x76, 0x61, 0x6c, 0x75, 0x65, 0x18, 0x02, 0x20, 0x01, 0x28, 0x09, 0x52, 0x05,
    0x76, 0x61, 0x6c, 0x75, 0x65, 0x3a, 0x02, 0x38, 0x01, 0x22, 0xb7, 0x02, 0x0a, 0x13, 0x43, 0x72,
    0x65, 0x61, 0x74, 0x65, 0x43, 0x6f, 0x6d, 0x6d, 0x69, 0x74, 0x52, 0x65, 0x71, 0x75, 0x65, 0x73,
    0x74, 0x12, 0x1f, 0x0a, 0x0b, 0x6f, 0x6e, 0x74, 0x6f, 0x6c, 0x6f, 0x67, 0x79, 0x5f, 0x69, 0x64,
    0x18, 0x01, 0x20, 0x01, 0x28, 0x09, 0x52, 0x0a, 0x6f, 0x6e, 0x74, 0x6f, 0x6c, 0x6f, 0x67, 0x79,
    0x49, 0x64, 0x12, 0x1b, 0x0a, 0x09, 0x62, 0x72, 0x61, 0x6e, 0x63, 0x68, 0x5f, 0x69, 0x64, 0x18,
    0x02, 0x20, 0x01, 0x28, 0x09, 0x52, 0x08, 0x62, 0x72, 0x61, 0x6e, 0x63, 0x68, 0x49, 0x64, 0x12,
    0x18, 0x0a, 0x07, 0x6d, 0x65, 0x73, 0x73, 0x61, 0x67, 0x65, 0x18, 0x03, 0x20, 0x01, 0x28, 0x09,
    0x52, 0x07, 0x6d, 0x65, 0x73, 0x73, 0x61, 0x67, 0x65, 0x12, 0x1b, 0x0a, 0x09, 0x61, 0x75, 0x74,
    0x68, 0x6f, 0x72, 0x5f, 0x69, 0x64, 0x18, 0x04, 0x20, 0x01, 0x28, 0x09, 0x52, 0x08, 0x61, 0x75,
    0x74, 0x68, 0x6f, 0x72, 0x49, 0x64, 0x12, 0x1b, 0x0a, 0x09, 0x70, 0x61, 0x72, 0x65, 0x6e, 0x74,
    0x5f, 0x69, 0x64, 0x18, 0x05, 0x20, 0x01, 0x28, 0x09, 0x52, 0x08, 0x70, 0x61, 0x72, 0x65, 0x6e,
    0x74, 0x49, 0x64, 0x12, 0x51, 0x0a, 0x08, 0x6d, 0x65, 0x74, 0x61, 0x64, 0x61, 0x74, 0x61, 0x18,
    0x06, 0x20, 0x03, 0x28, 0x0b, 0x32, 0x35, 0x2e, 0x76, 0x65, 0x64, 0x6f, 0x2e, 0x76, 0x65, 0x72,
    0x73, 0x69, 0x6f, 0x6e, 0x69, 0x6e, 0x67, 0x2e, 0x76, 0x31, 0x2e, 0x43, 0x72, 0x65, 0x61, 0x74,
    0x65, 0x43, 0x6f, 0x6d, 0x6d, 0x69, 0x74, 0x52, 0x65, 0x71, 0x75, 0x65, 0x73, 0x74, 0x2e, 0x4d,
    0x65, 0x74, 0x61, 0x64, 0x61, 0x74, 0x61, 0x45, 0x6e, 0x74, 0x72, 0x79, 0x52, 0x08, 0x6d, 0x65,
    0x74, 0x61, 0x64, 0x61, 0x74, 0x61, 0x1a, 0x3b, 0x0a, 0x0d, 0x4d, 0x65, 0x74, 0x61, 0x64, 0x61,
    0x74, 0x61, 0x45, 0x6e, 0x74, 0x72, 0x79, 0x12, 0x10, 0x0a, 0x03, 0x6b, 0x65, 0x79, 0x18, 0x01,
    0x20, 0x01, 0x28, 0x09, 0x52, 0x03, 0x6b, 0x65, 0x79, 0x12, 0x14, 0x0a, 0x05, 0x76, 0x61, 0x6c,
    0x75, 0x65, 0x18, 0x02, 0x20, 0x01, 0x28, 0x09, 0x52, 0x05, 0x76, 0x61, 0x6c, 0x75, 0x65, 0x3a,
    0x02, 0x38, 0x01, 0x22, 0x7d, 0x0a, 0x14, 0x43, 0x72, 0x65, 0x61, 0x74, 0x65, 0x43, 0x6f, 0x6d,
    0x6d, 0x69, 0x74, 0x52, 0x65, 0x73, 0x70, 0x6f, 0x6e, 0x73, 0x65, 0x12, 0x32, 0x0a, 0x06, 0x63,
    0x6f, 0x6d, 0x6d, 0x69, 0x74, 0x18, 0x01, 0x20, 0x01, 0x28, 0x0b, 0x32, 0x1a, 0x2e, 0x76, 0x65,
    0x64, 0x6f, 0x2e, 0x76, 0x65, 0x72, 0x73, 0x69, 0x6f, 0x6e, 0x69, 0x6e, 0x67, 0x2e, 0x76, 0x31,
    0x2e, 0x43, 0x6f, 0x6d, 0x6d, 0x69, 0x74, 0x52, 0x06, 0x63, 0x6f, 0x6d, 0x6d, 0x69, 0x74, 0x12,
    0x31, 0x0a, 0x05, 0x65, 0x72, 0x72, 0x6f, 0x72, 0x18, 0x02, 0x20, 0x01, 0x28, 0x0b, 0x32, 0x1b,
    0x2e, 0x76, 0x65, 0x64, 0x6f, 0x2e, 0x63, 0x6f, 0x6d, 0x6d, 0x6f, 0x6e, 0x2e, 0x76, 0x31, 0x2e,
    0x45, 0x72, 0x72, 0x6f, 0x72, 0x44, 0x65, 0x74, 0x61, 0x69, 0x6c, 0x52, 0x05, 0x65, 0x72, 0x72,
    0x6f, 0x72, 0x22, 0x50, 0x0a, 0x10, 0x47, 0x65, 0x74, 0x43, 0x6f, 0x6d, 0x6d, 0x69, 0x74, 0x52,
    0x65, 0x71, 0x75, 0x65, 0x73, 0x74, 0x12, 0x1f, 0x0a, 0x0b, 0x6f, 0x6e, 0x74, 0x6f, 0x6c, 0x6f,
    0x67, 0x79, 0x5f, 0x69, 0x64, 0x18, 0x01, 0x20, 0x01, 0x28, 0x09, 0x52, 0x0a, 0x6f, 0x6e, 0x74,
    0x6f, 0x6c, 0x6f, 0x67, 0x79, 0x49, 0x64, 0x12, 0x1b, 0x0a, 0x09, 0x63, 0x6f, 0x6d, 0x6d, 0x69,
    0x74, 0x5f, 0x69, 0x64, 0x18, 0x02, 0x20, 0x01, 0x28, 0x09, 0x52, 0x08, 0x63, 0x6f, 0x6d, 0x6d,
    0x69, 0x74, 0x49, 0x64, 0x22, 0x7a, 0x0a, 0x11, 0x47, 0x65, 0x74, 0x43, 0x6f, 0x6d, 0x6d, 0x69,
    0x74, 0x52, 0x65, 0x73, 0x70, 0x6f, 0x6e, 0x73, 0x65, 0x12, 0x32, 0x0a, 0x06, 0x63, 0x6f, 0x6d,
    0x6d, 0x69, 0x74, 0x18, 0x01, 0x20, 0x01, 0x28, 0x0b, 0x32, 0x1a, 0x2e, 0x76, 0x65, 0x64, 0x6f,
    0x2e, 0x76, 0x65, 0x72, 0x73, 0x69, 0x6f, 0x6e, 0x69, 0x6e, 0x67, 0x2e, 0x76, 0x31, 0x2e, 0x43,
    0x6f, 0x6d, 0x6d, 0x69, 0x74, 0x52, 0x06, 0x63, 0x6f, 0x6d, 0x6d, 0x69, 0x74, 0x12, 0x31, 0x0a,
    0x05, 0x65, 0x72, 0x72, 0x6f, 0x72, 0x18, 0x02, 0x20, 0x01, 0x28, 0x0b, 0x32, 0x1b, 0x2e, 0x76,
    0x65, 0x64, 0x6f, 0x2e, 0x63, 0x6f, 0x6d, 0x6d, 0x6f, 0x6e, 0x2e, 0x76, 0x31, 0x2e, 0x45, 0x72,
    0x72, 0x6f, 0x72, 0x44, 0x65, 0x74, 0x61, 0x69, 0x6c, 0x52, 0x05, 0x65, 0x72, 0x72, 0x6f, 0x72,
    0x22, 0x95, 0x01, 0x0a, 0x12, 0x4c, 0x69, 0x73, 0x74, 0x43, 0x6f, 0x6d, 0x6d, 0x69, 0x74, 0x73,
    0x52, 0x65, 0x71, 0x75, 0x65, 0x73, 0x74, 0x12, 0x1f, 0x0a, 0x0b, 0x6f, 0x6e, 0x74, 0x6f, 0x6c,
    0x6f, 0x67, 0x79, 0x5f, 0x69, 0x64, 0x18, 0x01, 0x20, 0x01, 0x28, 0x09, 0x52, 0x0a, 0x6f, 0x6e,
    0x74, 0x6f, 0x6c, 0x6f, 0x67, 0x79, 0x49, 0x64, 0x12, 0x1b, 0x0a, 0x09, 0x62, 0x72, 0x61, 0x6e,
    0x63, 0x68, 0x5f, 0x69, 0x64, 0x18, 0x02, 0x20, 0x01, 0x28, 0x09, 0x52, 0x08, 0x62, 0x72, 0x61,
    0x6e, 0x63, 0x68, 0x49, 0x64, 0x12, 0x41, 0x0a, 0x0a, 0x70, 0x61, 0x67, 0x69, 0x6e, 0x61, 0x74,
    0x69, 0x6f, 0x6e, 0x18, 0x03, 0x20, 0x01, 0x28, 0x0b, 0x32, 0x21, 0x2e, 0x76, 0x65, 0x64, 0x6f,
    0x2e, 0x63, 0x6f, 0x6d, 0x6d, 0x6f, 0x6e, 0x2e, 0x76, 0x31, 0x2e, 0x50, 0x61, 0x67, 0x69, 0x6e,
    0x61, 0x74, 0x69, 0x6f, 0x6e, 0x52, 0x65, 0x71, 0x75, 0x65, 0x73, 0x74, 0x52, 0x0a, 0x70, 0x61,
    0x67, 0x69, 0x6e, 0x61, 0x74, 0x69, 0x6f, 0x6e, 0x22, 0xc2, 0x01, 0x0a, 0x13, 0x4c, 0x69, 0x73,
    0x74, 0x43, 0x6f, 0x6d, 0x6d, 0x69, 0x74, 0x73, 0x52, 0x65, 0x73, 0x70, 0x6f, 0x6e, 0x73, 0x65,
    0x12, 0x34, 0x0a, 0x07, 0x63, 0x6f, 0x6d, 0x6d, 0x69, 0x74, 0x73, 0x18, 0x01, 0x20, 0x03, 0x28,
    0x0b, 0x32, 0x1a, 0x2e, 0x76, 0x65, 0x64, 0x6f, 0x2e, 0x76, 0x65, 0x72, 0x73, 0x69, 0x6f, 0x6e,
    0x69, 0x6e, 0x67, 0x2e, 0x76, 0x31, 0x2e, 0x43, 0x6f, 0x6d, 0x6d, 0x69, 0x74, 0x52, 0x07, 0x63,
    0x6f, 0x6d, 0x6d, 0x69, 0x74, 0x73, 0x12, 0x42, 0x0a, 0x0a, 0x70, 0x61, 0x67, 0x69, 0x6e, 0x61,
    0x74, 0x69, 0x6f, 0x6e, 0x18, 0x02, 0x20, 0x01, 0x28, 0x0b, 0x32, 0x22, 0x2e, 0x76, 0x65, 0x64,
    0x6f, 0x2e, 0x63, 0x6f, 0x6d, 0x6d, 0x6f, 0x6e, 0x2e, 0x76, 0x31, 0x2e, 0x50, 0x61, 0x67, 0x69,
    0x6e, 0x61, 0x74, 0x69, 0x6f, 0x6e, 0x52, 0x65, 0x73, 0x70, 0x6f, 0x6e, 0x73, 0x65, 0x52, 0x0a,
    0x70, 0x61, 0x67, 0x69, 0x6e, 0x61, 0x74, 0x69, 0x6f, 0x6e, 0x12, 0x31, 0x0a, 0x05, 0x65, 0x72,
    0x72, 0x6f, 0x72, 0x18, 0x03, 0x20, 0x01, 0x28, 0x0b, 0x32, 0x1b, 0x2e, 0x76, 0x65, 0x64, 0x6f,
    0x2e, 0x63, 0x6f, 0x6d, 0x6d, 0x6f, 0x6e, 0x2e, 0x76, 0x31, 0x2e, 0x45, 0x72, 0x72, 0x6f, 0x72,
    0x44, 0x65, 0x74, 0x61, 0x69, 0x6c, 0x52, 0x05, 0x65, 0x72, 0x72, 0x6f, 0x72, 0x22, 0xf3, 0x01,
    0x0a, 0x06, 0x42, 0x72, 0x61, 0x6e, 0x63, 0x68, 0x12, 0x0e, 0x0a, 0x02, 0x69, 0x64, 0x18, 0x01,
    0x20, 0x01, 0x28, 0x09, 0x52, 0x02, 0x69, 0x64, 0x12, 0x1f, 0x0a, 0x0b, 0x6f, 0x6e, 0x74, 0x6f,
    0x6c, 0x6f, 0x67, 0x79, 0x5f, 0x69, 0x64, 0x18, 0x02, 0x20, 0x01, 0x28, 0x09, 0x52, 0x0a, 0x6f,
    0x6e, 0x74, 0x6f, 0x6c, 0x6f, 0x67, 0x79, 0x49, 0x64, 0x12, 0x12, 0x0a, 0x04, 0x6e, 0x61, 0x6d,
    0x65, 0x18, 0x03, 0x20, 0x01, 0x28, 0x09, 0x52, 0x04, 0x6e, 0x61, 0x6d, 0x65, 0x12, 0x24, 0x0a,
    0x0e, 0x68, 0x65, 0x61, 0x64, 0x5f, 0x63, 0x6f, 0x6d, 0x6d, 0x69, 0x74, 0x5f, 0x69, 0x64, 0x18,
    0x04, 0x20, 0x01, 0x28, 0x09, 0x52, 0x0c, 0x68, 0x65, 0x61, 0x64, 0x43, 0x6f, 0x6d, 0x6d, 0x69,
    0x74, 0x49, 0x64, 0x12, 0x21, 0x0a, 0x0c, 0x69, 0x73, 0x5f, 0x70, 0x72, 0x6f, 0x74, 0x65, 0x63,
    0x74, 0x65, 0x64, 0x18, 0x05, 0x20, 0x01, 0x28, 0x08, 0x52, 0x0b, 0x69, 0x73, 0x50, 0x72, 0x6f,
    0x74, 0x65, 0x63, 0x74, 0x65, 0x64, 0x12, 0x1d, 0x0a, 0x0a, 0x69, 0x73, 0x5f, 0x64, 0x65, 0x66,
    0x61, 0x75, 0x6c, 0x74, 0x18, 0x06, 0x20, 0x01, 0x28, 0x08, 0x52, 0x09, 0x69, 0x73, 0x44, 0x65,
    0x66, 0x61, 0x75, 0x6c, 0x74, 0x12, 0x1d, 0x0a, 0x0a, 0x63, 0x72, 0x65, 0x61, 0x74, 0x65, 0x64,
    0x5f, 0x61, 0x74, 0x18, 0x07, 0x20, 0x01, 0x28, 0x09, 0x52, 0x09, 0x63, 0x72, 0x65, 0x61, 0x74,
    0x65, 0x64, 0x41, 0x74, 0x12, 0x1d, 0x0a, 0x0a, 0x63, 0x72, 0x65, 0x61, 0x74, 0x65, 0x64, 0x5f,
    0x62, 0x79, 0x18, 0x08, 0x20, 0x01, 0x28, 0x09, 0x52, 0x09, 0x63, 0x72, 0x65, 0x61, 0x74, 0x65,
    0x64, 0x42, 0x79, 0x22, 0x9e, 0x01, 0x0a, 0x13, 0x43, 0x72, 0x65, 0x61, 0x74, 0x65, 0x42, 0x72,
    0x61, 0x6e, 0x63, 0x68, 0x52, 0x65, 0x71, 0x75, 0x65, 0x73, 0x74, 0x12, 0x1f, 0x0a, 0x0b, 0x6f,
    0x6e, 0x74, 0x6f, 0x6c, 0x6f, 0x67, 0x79, 0x5f, 0x69, 0x64, 0x18, 0x01, 0x20, 0x01, 0x28, 0x09,
    0x52, 0x0a, 0x6f, 0x6e, 0x74, 0x6f, 0x6c, 0x6f, 0x67, 0x79, 0x49, 0x64, 0x12, 0x12, 0x0a, 0x04,
    0x6e, 0x61, 0x6d, 0x65, 0x18, 0x02, 0x20, 0x01, 0x28, 0x09, 0x52, 0x04, 0x6e, 0x61, 0x6d, 0x65,
    0x12, 0x28, 0x0a, 0x10, 0x73, 0x6f, 0x75, 0x72, 0x63, 0x65, 0x5f, 0x62, 0x72, 0x61, 0x6e, 0x63,
    0x68, 0x5f, 0x69, 0x64, 0x18, 0x03, 0x20, 0x01, 0x28, 0x09, 0x52, 0x0e, 0x73, 0x6f, 0x75, 0x72,
    0x63, 0x65, 0x42, 0x72, 0x61, 0x6e, 0x63, 0x68, 0x49, 0x64, 0x12, 0x28, 0x0a, 0x10, 0x73, 0x6f,
    0x75, 0x72, 0x63, 0x65, 0x5f, 0x63, 0x6f, 0x6d, 0x6d, 0x69, 0x74, 0x5f, 0x69, 0x64, 0x18, 0x04,
    0x20, 0x01, 0x28, 0x09, 0x52, 0x0e, 0x73, 0x6f, 0x75, 0x72, 0x63, 0x65, 0x43, 0x6f, 0x6d, 0x6d,
    0x69, 0x74, 0x49, 0x64, 0x22, 0x7d, 0x0a, 0x14, 0x43, 0x72, 0x65, 0x61, 0x74, 0x65, 0x42, 0x72,
    0x61, 0x6e, 0x63, 0x68, 0x52, 0x65, 0x73, 0x70, 0x6f, 0x6e, 0x73, 0x65, 0x12, 0x32, 0x0a, 0x06,
    0x62, 0x72, 0x61, 0x6e, 0x63, 0x68, 0x18, 0x01, 0x20, 0x01, 0x28, 0x0b, 0x32, 0x1a, 0x2e, 0x76,
    0x65, 0x64, 0x6f, 0x2e, 0x76, 0x65, 0x72, 0x73, 0x69, 0x6f, 0x6e, 0x69, 0x6e, 0x67, 0x2e, 0x76,
    0x31, 0x2e, 0x42, 0x72, 0x61, 0x6e, 0x63, 0x68, 0x52, 0x06, 0x62, 0x72, 0x61, 0x6e, 0x63, 0x68,
    0x12, 0x31, 0x0a, 0x05, 0x65, 0x72, 0x72, 0x6f, 0x72, 0x18, 0x02, 0x20, 0x01, 0x28, 0x0b, 0x32,
    0x1b, 0x2e, 0x76, 0x65, 0x64, 0x6f, 0x2e, 0x63, 0x6f, 0x6d, 0x6d, 0x6f, 0x6e, 0x2e, 0x76, 0x31,
    0x2e, 0x45, 0x72, 0x72, 0x6f, 0x72, 0x44, 0x65, 0x74, 0x61, 0x69, 0x6c, 0x52, 0x05, 0x65, 0x72,
    0x72, 0x6f, 0x72, 0x22, 0x50, 0x0a, 0x10, 0x47, 0x65, 0x74, 0x42, 0x72, 0x61, 0x6e, 0x63, 0x68,
    0x52, 0x65, 0x71, 0x75, 0x65, 0x73, 0x74, 0x12, 0x1f, 0x0a, 0x0b, 0x6f, 0x6e, 0x74, 0x6f, 0x6c,
    0x6f, 0x67, 0x79, 0x5f, 0x69, 0x64, 0x18, 0x01, 0x20, 0x01, 0x28, 0x09, 0x52, 0x0a, 0x6f, 0x6e,
    0x74, 0x6f, 0x6c, 0x6f, 0x67, 0x79, 0x49, 0x64, 0x12, 0x1b, 0x0a, 0x09, 0x62, 0x72, 0x61, 0x6e,
    0x63, 0x68, 0x5f, 0x69, 0x64, 0x18, 0x02, 0x20, 0x01, 0x28, 0x09, 0x52, 0x08, 0x62, 0x72, 0x61,
    0x6e, 0x63, 0x68, 0x49, 0x64, 0x22, 0x7a, 0x0a, 0x11, 0x47, 0x65, 0x74, 0x42, 0x72, 0x61, 0x6e,
    0x63, 0x68, 0x52, 0x65, 0x73, 0x70, 0x6f, 0x6e, 0x73, 0x65, 0x12, 0x32, 0x0a, 0x06, 0x62, 0x72,
    0x61, 0x6e, 0x63, 0x68, 0x18, 0x01, 0x20, 0x01, 0x28, 0x0b, 0x32, 0x1a, 0x2e, 0x76, 0x65, 0x64,
    0x6f, 0x2e, 0x76, 0x65, 0x72, 0x73, 0x69, 0x6f, 0x6e, 0x69, 0x6e, 0x67, 0x2e, 0x76, 0x31, 0x2e,
    0x42, 0x72, 0x61, 0x6e, 0x63, 0x68, 0x52, 0x06, 0x62, 0x72, 0x61, 0x6e, 0x63, 0x68, 0x12, 0x31,
    0x0a, 0x05, 0x65, 0x72, 0x72, 0x6f, 0x72, 0x18, 0x02, 0x20, 0x01, 0x28, 0x0b, 0x32, 0x1b, 0x2e,
    0x76, 0x65, 0x64, 0x6f, 0x2e, 0x63, 0x6f, 0x6d, 0x6d, 0x6f, 0x6e, 0x2e, 0x76, 0x31, 0x2e, 0x45,
    0x72, 0x72, 0x6f, 0x72, 0x44, 0x65, 0x74, 0x61, 0x69, 0x6c, 0x52, 0x05, 0x65, 0x72, 0x72, 0x6f,
    0x72, 0x22, 0x79, 0x0a, 0x13, 0x4c, 0x69, 0x73, 0x74, 0x42, 0x72, 0x61, 0x6e, 0x63, 0x68, 0x65,
    0x73, 0x52, 0x65, 0x71, 0x75, 0x65, 0x73, 0x74, 0x12, 0x1f, 0x0a, 0x0b, 0x6f, 0x6e, 0x74, 0x6f,
    0x6c, 0x6f, 0x67, 0x79, 0x5f, 0x69, 0x64, 0x18, 0x01, 0x20, 0x01, 0x28, 0x09, 0x52, 0x0a, 0x6f,
    0x6e, 0x74, 0x6f, 0x6c, 0x6f, 0x67, 0x79, 0x49, 0x64, 0x12, 0x41, 0x0a, 0x0a, 0x70, 0x61, 0x67,
    0x69, 0x6e, 0x61, 0x74, 0x69, 0x6f, 0x6e, 0x18, 0x02, 0x20, 0x01, 0x28, 0x0b, 0x32, 0x21, 0x2e,
    0x76, 0x65, 0x64, 0x6f, 0x2e, 0x63, 0x6f, 0x6d, 0x6d, 0x6f, 0x6e, 0x2e, 0x76, 0x31, 0x2e, 0x50,
    0x61, 0x67, 0x69, 0x6e, 0x61, 0x74, 0x69, 0x6f, 0x6e, 0x52, 0x65, 0x71, 0x75, 0x65, 0x73, 0x74,
    0x52, 0x0a, 0x70, 0x61, 0x67, 0x69, 0x6e, 0x61, 0x74, 0x69, 0x6f, 0x6e, 0x22, 0xc5, 0x01, 0x0a,
    0x14, 0x4c, 0x69, 0x73, 0x74, 0x42, 0x72, 0x61, 0x6e, 0x63, 0x68, 0x65, 0x73, 0x52, 0x65, 0x73,
    0x70, 0x6f, 0x6e, 0x73, 0x65, 0x12, 0x36, 0x0a, 0x08, 0x62, 0x72, 0x61, 0x6e, 0x63, 0x68, 0x65,
    0x73, 0x18, 0x01, 0x20, 0x03, 0x28, 0x0b, 0x32, 0x1a, 0x2e, 0x76, 0x65, 0x64, 0x6f, 0x2e, 0x76,
    0x65, 0x72, 0x73, 0x69, 0x6f, 0x6e, 0x69, 0x6e, 0x67, 0x2e, 0x76, 0x31, 0x2e, 0x42, 0x72, 0x61,
    0x6e, 0x63, 0x68, 0x52, 0x08, 0x62, 0x72, 0x61, 0x6e, 0x63, 0x68, 0x65, 0x73, 0x12, 0x42, 0x0a,
    0x0a, 0x70, 0x61, 0x67, 0x69, 0x6e, 0x61, 0x74, 0x69, 0x6f, 0x6e, 0x18, 0x02, 0x20, 0x01, 0x28,
    0x0b, 0x32, 0x22, 0x2e, 0x76, 0x65, 0x64, 0x6f, 0x2e, 0x63, 0x6f, 0x6d, 0x6d, 0x6f, 0x6e, 0x2e,
    0x76, 0x31, 0x2e, 0x50, 0x61, 0x67, 0x69, 0x6e, 0x61, 0x74, 0x69, 0x6f, 0x6e, 0x52, 0x65, 0x73,
    0x70, 0x6f, 0x6e, 0x73, 0x65, 0x52, 0x0a, 0x70, 0x61, 0x67, 0x69, 0x6e, 0x61, 0x74, 0x69, 0x6f,
    0x6e, 0x12, 0x31, 0x0a, 0x05, 0x65, 0x72, 0x72, 0x6f, 0x72, 0x18, 0x03, 0x20, 0x01, 0x28, 0x0b,
    0x32, 0x1b, 0x2e, 0x76, 0x65, 0x64, 0x6f, 0x2e, 0x63, 0x6f, 0x6d, 0x6d, 0x6f, 0x6e, 0x2e, 0x76,
    0x31, 0x2e, 0x45, 0x72, 0x72, 0x6f, 0x72, 0x44, 0x65, 0x74, 0x61, 0x69, 0x6c, 0x52, 0x05, 0x65,
    0x72, 0x72, 0x6f, 0x72, 0x22, 0x53, 0x0a, 0x13, 0x44, 0x65, 0x6c, 0x65, 0x74, 0x65, 0x42, 0x72,
    0x61, 0x6e, 0x63, 0x68, 0x52, 0x65, 0x71, 0x75, 0x65, 0x73, 0x74, 0x12, 0x1f, 0x0a, 0x0b, 0x6f,
    0x6e, 0x74, 0x6f, 0x6c, 0x6f, 0x67, 0x79, 0x5f, 0x69, 0x64, 0x18, 0x01, 0x20, 0x01, 0x28, 0x09,
    0x52, 0x0a, 0x6f, 0x6e, 0x74, 0x6f, 0x6c, 0x6f, 0x67, 0x79, 0x49, 0x64, 0x12, 0x1b, 0x0a, 0x09,
    0x62, 0x72, 0x61, 0x6e, 0x63, 0x68, 0x5f, 0x69, 0x64, 0x18, 0x02, 0x20, 0x01, 0x28, 0x09, 0x52,
    0x08, 0x62, 0x72, 0x61, 0x6e, 0x63, 0x68, 0x49, 0x64, 0x22, 0x63, 0x0a, 0x14, 0x44, 0x65, 0x6c,
    0x65, 0x74, 0x65, 0x42, 0x72, 0x61, 0x6e, 0x63, 0x68, 0x52, 0x65, 0x73, 0x70, 0x6f, 0x6e, 0x73,
    0x65, 0x12, 0x18, 0x0a, 0x07, 0x73, 0x75, 0x63, 0x63, 0x65, 0x73, 0x73, 0x18, 0x01, 0x20, 0x01,
    0x28, 0x08, 0x52, 0x07, 0x73, 0x75, 0x63, 0x63, 0x65, 0x73, 0x73, 0x12, 0x31, 0x0a, 0x05, 0x65,
    0x72, 0x72, 0x6f, 0x72, 0x18, 0x02, 0x20, 0x01, 0x28, 0x0b, 0x32, 0x1b, 0x2e, 0x76, 0x65, 0x64,
    0x6f, 0x2e, 0x63, 0x6f, 0x6d, 0x6d, 0x6f, 0x6e, 0x2e, 0x76, 0x31, 0x2e, 0x45, 0x72, 0x72, 0x6f,
    0x72, 0x44, 0x65, 0x74, 0x61, 0x69, 0x6c, 0x52, 0x05, 0x65, 0x72, 0x72, 0x6f, 0x72, 0x22, 0x53,
    0x0a, 0x13, 0x53, 0x77, 0x69, 0x74, 0x63, 0x68, 0x42, 0x72, 0x61, 0x6e, 0x63, 0x68, 0x52, 0x65,
    0x71, 0x75, 0x65, 0x73, 0x74, 0x12, 0x1f, 0x0a, 0x0b, 0x6f, 0x6e, 0x74, 0x6f, 0x6c, 0x6f, 0x67,
    0x79, 0x5f, 0x69, 0x64, 0x18, 0x01, 0x20, 0x01, 0x28, 0x09, 0x52, 0x0a, 0x6f, 0x6e, 0x74, 0x6f,
    0x6c, 0x6f, 0x67, 0x79, 0x49, 0x64, 0x12, 0x1b, 0x0a, 0x09, 0x62, 0x72, 0x61, 0x6e, 0x63, 0x68,
    0x5f, 0x69, 0x64, 0x18, 0x02, 0x20, 0x01, 0x28, 0x09, 0x52, 0x08, 0x62, 0x72, 0x61, 0x6e, 0x63,
    0x68, 0x49, 0x64, 0x22, 0x90, 0x01, 0x0a, 0x14, 0x53, 0x77, 0x69, 0x74, 0x63, 0x68, 0x42, 0x72,
    0x61, 0x6e, 0x63, 0x68, 0x52, 0x65, 0x73, 0x70, 0x6f, 0x6e, 0x73, 0x65, 0x12, 0x18, 0x0a, 0x07,
    0x73, 0x75, 0x63, 0x63, 0x65, 0x73, 0x73, 0x18, 0x01, 0x20, 0x01, 0x28, 0x08, 0x52, 0x07, 0x73,
    0x75, 0x63, 0x63, 0x65, 0x73, 0x73, 0x12, 0x2b, 0x0a, 0x12, 0x6e, 0x65, 0x77, 0x5f, 0x68, 0x65,
    0x61, 0x64, 0x5f, 0x63, 0x6f, 0x6d, 0x6d, 0x69, 0x74, 0x5f, 0x69, 0x64, 0x18, 0x02, 0x20, 0x01,
    0x28, 0x09, 0x52, 0x0f, 0x6e, 0x65, 0x77, 0x48, 0x65, 0x61, 0x64, 0x43, 0x6f, 0x6d, 0x6d, 0x69,
    0x74, 0x49, 0x64, 0x12, 0x31, 0x0a, 0x05, 0x65, 0x72, 0x72, 0x6f, 0x72, 0x18, 0x03, 0x20, 0x01,
    0x28, 0x0b, 0x32, 0x1b, 0x2e, 0x76, 0x65, 0x64, 0x6f, 0x2e, 0x63, 0x6f, 0x6d, 0x6d, 0x6f, 0x6e,
    0x2e, 0x76, 0x31, 0x2e, 0x45, 0x72, 0x72, 0x6f, 0x72, 0x44, 0x65, 0x74, 0x61, 0x69, 0x6c, 0x52,
    0x05, 0x65, 0x72, 0x72, 0x6f, 0x72, 0x22, 0xc9, 0x02, 0x0a, 0x09, 0x44, 0x69, 0x66, 0x66, 0x45,
    0x6e, 0x74, 0x72, 0x79, 0x12, 0x49, 0x0a, 0x0b, 0x63, 0x68, 0x61, 0x6e, 0x67, 0x65, 0x5f, 0x74,
    0x79, 0x70, 0x65, 0x18, 0x01, 0x20, 0x01, 0x28, 0x0e, 0x32, 0x28, 0x2e, 0x76, 0x65, 0x64, 0x6f,
    0x2e, 0x76, 0x65, 0x72, 0x73, 0x69, 0x6f, 0x6e, 0x69, 0x6e, 0x67, 0x2e, 0x76, 0x31, 0x2e, 0x44,
    0x69, 0x66, 0x66, 0x45, 0x6e, 0x74, 0x72, 0x79, 0x2e, 0x43, 0x68, 0x61, 0x6e, 0x67, 0x65, 0x54,
    0x79, 0x70, 0x65, 0x52, 0x0a, 0x63, 0x68, 0x61, 0x6e, 0x67, 0x65, 0x54, 0x79, 0x70, 0x65, 0x12,
    0x1b, 0x0a, 0x09, 0x65, 0x6e, 0x74, 0x69, 0x74, 0x79, 0x5f, 0x69, 0x64, 0x18, 0x02, 0x20, 0x01,
    0x28, 0x09, 0x52, 0x08, 0x65, 0x6e, 0x74, 0x69, 0x74, 0x79, 0x49, 0x64, 0x12, 0x1f, 0x0a, 0x0b,
    0x65, 0x6e, 0x74, 0x69, 0x74, 0x79, 0x5f, 0x74, 0x79, 0x70, 0x65, 0x18, 0x03, 0x20, 0x01, 0x28,
    0x09, 0x52, 0x0a, 0x65, 0x6e, 0x74, 0x69, 0x74, 0x79, 0x54, 0x79, 0x70, 0x65, 0x12, 0x1f, 0x0a,
    0x0b, 0x62, 0x65, 0x66, 0x6f, 0x72, 0x65, 0x5f, 0x6a, 0x73, 0x6f, 0x6e, 0x18, 0x04, 0x20, 0x01,
    0x28, 0x09, 0x52, 0x0a, 0x62, 0x65, 0x66, 0x6f, 0x72, 0x65, 0x4a, 0x73, 0x6f, 0x6e, 0x12, 0x1d,
    0x0a, 0x0a, 0x61, 0x66, 0x74, 0x65, 0x72, 0x5f, 0x6a, 0x73, 0x6f, 0x6e, 0x18, 0x05, 0x20, 0x01,
    0x28, 0x09, 0x52, 0x09, 0x61, 0x66, 0x74, 0x65, 0x72, 0x4a, 0x73, 0x6f, 0x6e, 0x22, 0x73, 0x0a,
    0x0a, 0x43, 0x68, 0x61, 0x6e, 0x67, 0x65, 0x54, 0x79, 0x70, 0x65, 0x12, 0x1b, 0x0a, 0x17, 0x43,
    0x48, 0x41, 0x4e, 0x47, 0x45, 0x5f, 0x54, 0x59, 0x50, 0x45, 0x5f, 0x55, 0x4e, 0x53, 0x50, 0x45,
    0x43, 0x49, 0x46, 0x49, 0x45, 0x44, 0x10, 0x00, 0x12, 0x15, 0x0a, 0x11, 0x43, 0x48, 0x41, 0x4e,
    0x47, 0x45, 0x5f, 0x54, 0x59, 0x50, 0x45, 0x5f, 0x41, 0x44, 0x44, 0x45, 0x44, 0x10, 0x01, 0x12,
    0x18, 0x0a, 0x14, 0x43, 0x48, 0x41, 0x4e, 0x47, 0x45, 0x5f, 0x54, 0x59, 0x50, 0x45, 0x5f, 0x4d,
    0x4f, 0x44, 0x49, 0x46, 0x49, 0x45, 0x44, 0x10, 0x02, 0x12, 0x17, 0x0a, 0x13, 0x43, 0x48, 0x41,
    0x4e, 0x47, 0x45, 0x5f, 0x54, 0x59, 0x50, 0x45, 0x5f, 0x44, 0x45, 0x4c, 0x45, 0x54, 0x45, 0x44,
    0x10, 0x03, 0x22, 0x81, 0x01, 0x0a, 0x0e, 0x47, 0x65, 0x74, 0x44, 0x69, 0x66, 0x66, 0x52, 0x65,
    0x71, 0x75, 0x65, 0x73, 0x74, 0x12, 0x1f, 0x0a, 0x0b, 0x6f, 0x6e, 0x74, 0x6f, 0x6c, 0x6f, 0x67,
    0x79, 0x5f, 0x69, 0x64, 0x18, 0x01, 0x20, 0x01, 0x28, 0x09, 0x52, 0x0a, 0x6f, 0x6e, 0x74, 0x6f,
    0x6c, 0x6f, 0x67, 0x79, 0x49, 0x64, 0x12, 0x24, 0x0a, 0x0e, 0x62, 0x61, 0x73, 0x65, 0x5f, 0x63,
    0x6f, 0x6d, 0x6d, 0x69, 0x74, 0x5f, 0x69, 0x64, 0x18, 0x02, 0x20, 0x01, 0x28, 0x09, 0x52, 0x0c,
    0x62, 0x61, 0x73, 0x65, 0x43, 0x6f, 0x6d, 0x6d, 0x69, 0x74, 0x49, 0x64, 0x12, 0x28, 0x0a, 0x10,
    0x74, 0x61, 0x72, 0x67, 0x65, 0x74, 0x5f, 0x63, 0x6f, 0x6d, 0x6d, 0x69, 0x74, 0x5f, 0x69, 0x64,
    0x18, 0x03, 0x20, 0x01, 0x28, 0x09, 0x52, 0x0e, 0x74, 0x61, 0x72, 0x67, 0x65, 0x74, 0x43, 0x6f,
    0x6d, 0x6d, 0x69, 0x74, 0x49, 0x64, 0x22, 0xa2, 0x01, 0x0a, 0x0f, 0x47, 0x65, 0x74, 0x44, 0x69,
    0x66, 0x66, 0x52, 0x65, 0x73, 0x70, 0x6f, 0x6e, 0x73, 0x65, 0x12, 0x37, 0x0a, 0x07, 0x65, 0x6e,
    0x74, 0x72, 0x69, 0x65, 0x73, 0x18, 0x01, 0x20, 0x03, 0x28, 0x0b, 0x32, 0x1d, 0x2e, 0x76, 0x65,
    0x64, 0x6f, 0x2e, 0x76, 0x65, 0x72, 0x73, 0x69, 0x6f, 0x6e, 0x69, 0x6e, 0x67, 0x2e, 0x76, 0x31,
    0x2e, 0x44, 0x69, 0x66, 0x66, 0x45, 0x6e, 0x74, 0x72, 0x79, 0x52, 0x07, 0x65, 0x6e, 0x74, 0x72,
    0x69, 0x65, 0x73, 0x12, 0x23, 0x0a, 0x0d, 0x74, 0x6f, 0x74, 0x61, 0x6c, 0x5f, 0x63, 0x68, 0x61,
    0x6e, 0x67, 0x65, 0x73, 0x18, 0x02, 0x20, 0x01, 0x28, 0x05, 0x52, 0x0c, 0x74, 0x6f, 0x74, 0x61,
    0x6c, 0x43, 0x68, 0x61, 0x6e, 0x67, 0x65, 0x73, 0x12, 0x31, 0x0a, 0x05, 0x65, 0x72, 0x72, 0x6f,
    0x72, 0x18, 0x03, 0x20, 0x01, 0x28, 0x0b, 0x32, 0x1b, 0x2e, 0x76, 0x65, 0x64, 0x6f, 0x2e, 0x63,
    0x6f, 0x6d, 0x6d, 0x6f, 0x6e, 0x2e, 0x76, 0x31, 0x2e, 0x45, 0x72, 0x72, 0x6f, 0x72, 0x44, 0x65,
    0x74, 0x61, 0x69, 0x6c, 0x52, 0x05, 0x65, 0x72, 0x72, 0x6f, 0x72, 0x22, 0x55, 0x0a, 0x15, 0x47,
    0x65, 0x74, 0x43, 0x6f, 0x6d, 0x6d, 0x69, 0x74, 0x44, 0x65, 0x6c, 0x74, 0x61, 0x52, 0x65, 0x71,
    0x75, 0x65, 0x73, 0x74, 0x12, 0x1f, 0x0a, 0x0b, 0x6f, 0x6e, 0x74, 0x6f, 0x6c, 0x6f, 0x67, 0x79,
    0x5f, 0x69, 0x64, 0x18, 0x01, 0x20, 0x01, 0x28, 0x09, 0x52, 0x0a, 0x6f, 0x6e, 0x74, 0x6f, 0x6c,
    0x6f, 0x67, 0x79, 0x49, 0x64, 0x12, 0x1b, 0x0a, 0x09, 0x63, 0x6f, 0x6d, 0x6d, 0x69, 0x74, 0x5f,
    0x69, 0x64, 0x18, 0x02, 0x20, 0x01, 0x28, 0x09, 0x52, 0x08, 0x63, 0x6f, 0x6d, 0x6d, 0x69, 0x74,
    0x49, 0x64, 0x22, 0xa1, 0x01, 0x0a, 0x16, 0x47, 0x65, 0x74, 0x43, 0x6f, 0x6d, 0x6d, 0x69, 0x74,
    0x44, 0x65, 0x6c, 0x74, 0x61, 0x52, 0x65, 0x73, 0x70, 0x6f, 0x6e, 0x73, 0x65, 0x12, 0x37, 0x0a,
    0x07, 0x65, 0x6e, 0x74, 0x72, 0x69, 0x65, 0x73, 0x18, 0x01, 0x20, 0x03, 0x28, 0x0b, 0x32, 0x1d,
    0x2e, 0x76, 0x65, 0x64, 0x6f, 0x2e, 0x76, 0x65, 0x72, 0x73, 0x69, 0x6f, 0x6e, 0x69, 0x6e, 0x67,
    0x2e, 0x76, 0x31, 0x2e, 0x44, 0x69, 0x66, 0x66, 0x45, 0x6e, 0x74, 0x72, 0x79, 0x52, 0x07, 0x65,
    0x6e, 0x74, 0x72, 0x69, 0x65, 0x73, 0x12, 0x1b, 0x0a, 0x09, 0x63, 0x6f, 0x6d, 0x6d, 0x69, 0x74,
    0x5f, 0x69, 0x64, 0x18, 0x02, 0x20, 0x01, 0x28, 0x09, 0x52, 0x08, 0x63, 0x6f, 0x6d, 0x6d, 0x69,
    0x74, 0x49, 0x64, 0x12, 0x31, 0x0a, 0x05, 0x65, 0x72, 0x72, 0x6f, 0x72, 0x18, 0x03, 0x20, 0x01,
    0x28, 0x0b, 0x32, 0x1b, 0x2e, 0x76, 0x65, 0x64, 0x6f, 0x2e, 0x63, 0x6f, 0x6d, 0x6d, 0x6f, 0x6e,
    0x2e, 0x76, 0x31, 0x2e, 0x45, 0x72, 0x72, 0x6f, 0x72, 0x44, 0x65, 0x74, 0x61, 0x69, 0x6c, 0x52,
    0x05, 0x65, 0x72, 0x72, 0x6f, 0x72, 0x22, 0xc7, 0x01, 0x0a, 0x0c, 0x4d, 0x65, 0x72, 0x67, 0x65,
    0x52, 0x65, 0x71, 0x75, 0x65, 0x73, 0x74, 0x12, 0x1f, 0x0a, 0x0b, 0x6f, 0x6e, 0x74, 0x6f, 0x6c,
    0x6f, 0x67, 0x79, 0x5f, 0x69, 0x64, 0x18, 0x01, 0x20, 0x01, 0x28, 0x09, 0x52, 0x0a, 0x6f, 0x6e,
    0x74, 0x6f, 0x6c, 0x6f, 0x67, 0x79, 0x49, 0x64, 0x12, 0x28, 0x0a, 0x10, 0x73, 0x6f, 0x75, 0x72,
    0x63, 0x65, 0x5f, 0x62, 0x72, 0x61, 0x6e, 0x63, 0x68, 0x5f, 0x69, 0x64, 0x18, 0x02, 0x20, 0x01,
    0x28, 0x09, 0x52, 0x0e, 0x73, 0x6f, 0x75, 0x72, 0x63, 0x65, 0x42, 0x72, 0x61, 0x6e, 0x63, 0x68,
    0x49, 0x64, 0x12, 0x28, 0x0a, 0x10, 0x74, 0x61, 0x72, 0x67, 0x65, 0x74, 0x5f, 0x62, 0x72, 0x61,
    0x6e, 0x63, 0x68, 0x5f, 0x69, 0x64, 0x18, 0x03, 0x20, 0x01, 0x28, 0x09, 0x52, 0x0e, 0x74, 0x61,
    0x72, 0x67, 0x65, 0x74, 0x42, 0x72, 0x61, 0x6e, 0x63, 0x68, 0x49, 0x64, 0x12, 0x25, 0x0a, 0x0e,
    0x63, 0x6f, 0x6d, 0x6d, 0x69, 0x74, 0x5f, 0x6d, 0x65, 0x73, 0x73, 0x61, 0x67, 0x65, 0x18, 0x04,
    0x20, 0x01, 0x28, 0x09, 0x52, 0x0d, 0x63, 0x6f, 0x6d, 0x6d, 0x69, 0x74, 0x4d, 0x65, 0x73, 0x73,
    0x61, 0x67, 0x65, 0x12, 0x1b, 0x0a, 0x09, 0x61, 0x75, 0x74, 0x68, 0x6f, 0x72, 0x5f, 0x69, 0x64,
    0x18, 0x05, 0x20, 0x01, 0x28, 0x09, 0x52, 0x08, 0x61, 0x75, 0x74, 0x68, 0x6f, 0x72, 0x49, 0x64,
    0x22, 0xa2, 0x01, 0x0a, 0x0d, 0x4d, 0x65, 0x72, 0x67, 0x65, 0x52, 0x65, 0x73, 0x70, 0x6f, 0x6e,
    0x73, 0x65, 0x12, 0x18, 0x0a, 0x07, 0x73, 0x75, 0x63, 0x63, 0x65, 0x73, 0x73, 0x18, 0x01, 0x20,
    0x01, 0x28, 0x08, 0x52, 0x07, 0x73, 0x75, 0x63, 0x63, 0x65, 0x73, 0x73, 0x12, 0x26, 0x0a, 0x0f,
    0x6d, 0x65, 0x72, 0x67, 0x65, 0x5f, 0x63, 0x6f, 0x6d, 0x6d, 0x69, 0x74, 0x5f, 0x69, 0x64, 0x18,
    0x02, 0x20, 0x01, 0x28, 0x09, 0x52, 0x0d, 0x6d, 0x65, 0x72, 0x67, 0x65, 0x43, 0x6f, 0x6d, 0x6d,
    0x69, 0x74, 0x49, 0x64, 0x12, 0x1c, 0x0a, 0x09, 0x63, 0x6f, 0x6e, 0x66, 0x6c, 0x69, 0x63, 0x74,
    0x73, 0x18, 0x03, 0x20, 0x03, 0x28, 0x09, 0x52, 0x09, 0x63, 0x6f, 0x6e, 0x66, 0x6c, 0x69, 0x63,
    0x74, 0x73, 0x12, 0x31, 0x0a, 0x05, 0x65, 0x72, 0x72, 0x6f, 0x72, 0x18, 0x04, 0x20, 0x01, 0x28,
    0x0b, 0x32, 0x1b, 0x2e, 0x76, 0x65, 0x64, 0x6f, 0x2e, 0x63, 0x6f, 0x6d, 0x6d, 0x6f, 0x6e, 0x2e,
    0x76, 0x31, 0x2e, 0x45, 0x72, 0x72, 0x6f, 0x72, 0x44, 0x65, 0x74, 0x61, 0x69, 0x6c, 0x52, 0x05,
    0x65, 0x72, 0x72, 0x6f, 0x72, 0x22, 0x96, 0x01, 0x0a, 0x0f, 0x52, 0x6f, 0x6c, 0x6c, 0x62, 0x61,
    0x63, 0x6b, 0x52, 0x65, 0x71, 0x75, 0x65, 0x73, 0x74, 0x12, 0x1f, 0x0a, 0x0b, 0x6f, 0x6e, 0x74,
    0x6f, 0x6c, 0x6f, 0x67, 0x79, 0x5f, 0x69, 0x64, 0x18, 0x01, 0x20, 0x01, 0x28, 0x09, 0x52, 0x0a,
    0x6f, 0x6e, 0x74, 0x6f, 0x6c, 0x6f, 0x67, 0x79, 0x49, 0x64, 0x12, 0x1b, 0x0a, 0x09, 0x62, 0x72,
    0x61, 0x6e, 0x63, 0x68, 0x5f, 0x69, 0x64, 0x18, 0x02, 0x20, 0x01, 0x28, 0x09, 0x52, 0x08, 0x62,
    0x72, 0x61, 0x6e, 0x63, 0x68, 0x49, 0x64, 0x12, 0x28, 0x0a, 0x10, 0x74, 0x61, 0x72, 0x67, 0x65,
    0x74, 0x5f, 0x63, 0x6f, 0x6d, 0x6d, 0x69, 0x74, 0x5f, 0x69, 0x64, 0x18, 0x03, 0x20, 0x01, 0x28,
    0x09, 0x52, 0x0e, 0x74, 0x61, 0x72, 0x67, 0x65, 0x74, 0x43, 0x6f, 0x6d, 0x6d, 0x69, 0x74, 0x49,
    0x64, 0x12, 0x1b, 0x0a, 0x09, 0x61, 0x75, 0x74, 0x68, 0x6f, 0x72, 0x5f, 0x69, 0x64, 0x18, 0x04,
    0x20, 0x01, 0x28, 0x09, 0x52, 0x08, 0x61, 0x75, 0x74, 0x68, 0x6f, 0x72, 0x49, 0x64, 0x22, 0x8c,
    0x01, 0x0a, 0x10, 0x52, 0x6f, 0x6c, 0x6c, 0x62, 0x61, 0x63, 0x6b, 0x52, 0x65, 0x73, 0x70, 0x6f,
    0x6e, 0x73, 0x65, 0x12, 0x18, 0x0a, 0x07, 0x73, 0x75, 0x63, 0x63, 0x65, 0x73, 0x73, 0x18, 0x01,
    0x20, 0x01, 0x28, 0x08, 0x52, 0x07, 0x73, 0x75, 0x63, 0x63, 0x65, 0x73, 0x73, 0x12, 0x2b, 0x0a,
    0x12, 0x6e, 0x65, 0x77, 0x5f, 0x68, 0x65, 0x61, 0x64, 0x5f, 0x63, 0x6f, 0x6d, 0x6d, 0x69, 0x74,
    0x5f, 0x69, 0x64, 0x18, 0x02, 0x20, 0x01, 0x28, 0x09, 0x52, 0x0f, 0x6e, 0x65, 0x77, 0x48, 0x65,
    0x61, 0x64, 0x43, 0x6f, 0x6d, 0x6d, 0x69, 0x74, 0x49, 0x64, 0x12, 0x31, 0x0a, 0x05, 0x65, 0x72,
    0x72, 0x6f, 0x72, 0x18, 0x03, 0x20, 0x01, 0x28, 0x0b, 0x32, 0x1b, 0x2e, 0x76, 0x65, 0x64, 0x6f,
    0x2e, 0x63, 0x6f, 0x6d, 0x6d, 0x6f, 0x6e, 0x2e, 0x76, 0x31, 0x2e, 0x45, 0x72, 0x72, 0x6f, 0x72,
    0x44, 0x65, 0x74, 0x61, 0x69, 0x6c, 0x52, 0x05, 0x65, 0x72, 0x72, 0x6f, 0x72, 0x22, 0x6c, 0x0a,
    0x0f, 0x43, 0x68, 0x65, 0x63, 0x6b, 0x6f, 0x75, 0x74, 0x52, 0x65, 0x71, 0x75, 0x65, 0x73, 0x74,
    0x12, 0x1f, 0x0a, 0x0b, 0x6f, 0x6e, 0x74, 0x6f, 0x6c, 0x6f, 0x67, 0x79, 0x5f, 0x69, 0x64, 0x18,
    0x01, 0x20, 0x01, 0x28, 0x09, 0x52, 0x0a, 0x6f, 0x6e, 0x74, 0x6f, 0x6c, 0x6f, 0x67, 0x79, 0x49,
    0x64, 0x12, 0x1b, 0x0a, 0x09, 0x63, 0x6f, 0x6d, 0x6d, 0x69, 0x74, 0x5f, 0x69, 0x64, 0x18, 0x02,
    0x20, 0x01, 0x28, 0x09, 0x52, 0x08, 0x63, 0x6f, 0x6d, 0x6d, 0x69, 0x74, 0x49, 0x64, 0x12, 0x1b,
    0x0a, 0x09, 0x62, 0x72, 0x61, 0x6e, 0x63, 0x68, 0x5f, 0x69, 0x64, 0x18, 0x03, 0x20, 0x01, 0x28,
    0x09, 0x52, 0x08, 0x62, 0x72, 0x61, 0x6e, 0x63, 0x68, 0x49, 0x64, 0x22, 0x5f, 0x0a, 0x10, 0x43,
    0x68, 0x65, 0x63, 0x6b, 0x6f, 0x75, 0x74, 0x52, 0x65, 0x73, 0x70, 0x6f, 0x6e, 0x73, 0x65, 0x12,
    0x18, 0x0a, 0x07, 0x73, 0x75, 0x63, 0x63, 0x65, 0x73, 0x73, 0x18, 0x01, 0x20, 0x01, 0x28, 0x08,
    0x52, 0x07, 0x73, 0x75, 0x63, 0x63, 0x65, 0x73, 0x73, 0x12, 0x31, 0x0a, 0x05, 0x65, 0x72, 0x72,
    0x6f, 0x72, 0x18, 0x02, 0x20, 0x01, 0x28, 0x0b, 0x32, 0x1b, 0x2e, 0x76, 0x65, 0x64, 0x6f, 0x2e,
    0x63, 0x6f, 0x6d, 0x6d, 0x6f, 0x6e, 0x2e, 0x76, 0x31, 0x2e, 0x45, 0x72, 0x72, 0x6f, 0x72, 0x44,
    0x65, 0x74, 0x61, 0x69, 0x6c, 0x52, 0x05, 0x65, 0x72, 0x72, 0x6f, 0x72, 0x32, 0xcf, 0x09, 0x0a,
    0x11, 0x56, 0x65, 0x72, 0x73, 0x69, 0x6f, 0x6e, 0x69, 0x6e, 0x67, 0x53, 0x65, 0x72, 0x76, 0x69,
    0x63, 0x65, 0x12, 0x61, 0x0a, 0x0c, 0x43, 0x72, 0x65, 0x61, 0x74, 0x65, 0x43, 0x6f, 0x6d, 0x6d,
    0x69, 0x74, 0x12, 0x27, 0x2e, 0x76, 0x65, 0x64, 0x6f, 0x2e, 0x76, 0x65, 0x72, 0x73, 0x69, 0x6f,
    0x6e, 0x69, 0x6e, 0x67, 0x2e, 0x76, 0x31, 0x2e, 0x43, 0x72, 0x65, 0x61, 0x74, 0x65, 0x43, 0x6f,
    0x6d, 0x6d, 0x69, 0x74, 0x52, 0x65, 0x71, 0x75, 0x65, 0x73, 0x74, 0x1a, 0x28, 0x2e, 0x76, 0x65,
    0x64, 0x6f, 0x2e, 0x76, 0x65, 0x72, 0x73, 0x69, 0x6f, 0x6e, 0x69, 0x6e, 0x67, 0x2e, 0x76, 0x31,
    0x2e, 0x43, 0x72, 0x65, 0x61, 0x74, 0x65, 0x43, 0x6f, 0x6d, 0x6d, 0x69, 0x74, 0x52, 0x65, 0x73,
    0x70, 0x6f, 0x6e, 0x73, 0x65, 0x12, 0x58, 0x0a, 0x09, 0x47, 0x65, 0x74, 0x43, 0x6f, 0x6d, 0x6d,
    0x69, 0x74, 0x12, 0x24, 0x2e, 0x76, 0x65, 0x64, 0x6f, 0x2e, 0x76, 0x65, 0x72, 0x73, 0x69, 0x6f,
    0x6e, 0x69, 0x6e, 0x67, 0x2e, 0x76, 0x31, 0x2e, 0x47, 0x65, 0x74, 0x43, 0x6f, 0x6d, 0x6d, 0x69,
    0x74, 0x52, 0x65, 0x71, 0x75, 0x65, 0x73, 0x74, 0x1a, 0x25, 0x2e, 0x76, 0x65, 0x64, 0x6f, 0x2e,
    0x76, 0x65, 0x72, 0x73, 0x69, 0x6f, 0x6e, 0x69, 0x6e, 0x67, 0x2e, 0x76, 0x31, 0x2e, 0x47, 0x65,
    0x74, 0x43, 0x6f, 0x6d, 0x6d, 0x69, 0x74, 0x52, 0x65, 0x73, 0x70, 0x6f, 0x6e, 0x73, 0x65, 0x12,
    0x5e, 0x0a, 0x0b, 0x4c, 0x69, 0x73, 0x74, 0x43, 0x6f, 0x6d, 0x6d, 0x69, 0x74, 0x73, 0x12, 0x26,
    0x2e, 0x76, 0x65, 0x64, 0x6f, 0x2e, 0x76, 0x65, 0x72, 0x73, 0x69, 0x6f, 0x6e, 0x69, 0x6e, 0x67,
    0x2e, 0x76, 0x31, 0x2e, 0x4c, 0x69, 0x73, 0x74, 0x43, 0x6f, 0x6d, 0x6d, 0x69, 0x74, 0x73, 0x52,
    0x65, 0x71, 0x75, 0x65, 0x73, 0x74, 0x1a, 0x27, 0x2e, 0x76, 0x65, 0x64, 0x6f, 0x2e, 0x76, 0x65,
    0x72, 0x73, 0x69, 0x6f, 0x6e, 0x69, 0x6e, 0x67, 0x2e, 0x76, 0x31, 0x2e, 0x4c, 0x69, 0x73, 0x74,
    0x43, 0x6f, 0x6d, 0x6d, 0x69, 0x74, 0x73, 0x52, 0x65, 0x73, 0x70, 0x6f, 0x6e, 0x73, 0x65, 0x12,
    0x61, 0x0a, 0x0c, 0x43, 0x72, 0x65, 0x61, 0x74, 0x65, 0x42, 0x72, 0x61, 0x6e, 0x63, 0x68, 0x12,
    0x27, 0x2e, 0x76, 0x65, 0x64, 0x6f, 0x2e, 0x76, 0x65, 0x72, 0x73, 0x69, 0x6f, 0x6e, 0x69, 0x6e,
    0x67, 0x2e, 0x76, 0x31, 0x2e, 0x43, 0x72, 0x65, 0x61, 0x74, 0x65, 0x42, 0x72, 0x61, 0x6e, 0x63,
    0x68, 0x52, 0x65, 0x71, 0x75, 0x65, 0x73, 0x74, 0x1a, 0x28, 0x2e, 0x76, 0x65, 0x64, 0x6f, 0x2e,
    0x76, 0x65, 0x72, 0x73, 0x69, 0x6f, 0x6e, 0x69, 0x6e, 0x67, 0x2e, 0x76, 0x31, 0x2e, 0x43, 0x72,
    0x65, 0x61, 0x74, 0x65, 0x42, 0x72, 0x61, 0x6e, 0x63, 0x68, 0x52, 0x65, 0x73, 0x70, 0x6f, 0x6e,
    0x73, 0x65, 0x12, 0x58, 0x0a, 0x09, 0x47, 0x65, 0x74, 0x42, 0x72, 0x61, 0x6e, 0x63, 0x68, 0x12,
    0x24, 0x2e, 0x76, 0x65, 0x64, 0x6f, 0x2e, 0x76, 0x65, 0x72, 0x73, 0x69, 0x6f, 0x6e, 0x69, 0x6e,
    0x67, 0x2e, 0x76, 0x31, 0x2e, 0x47, 0x65, 0x74, 0x42, 0x72, 0x61, 0x6e, 0x63, 0x68, 0x52, 0x65,
    0x71, 0x75, 0x65, 0x73, 0x74, 0x1a, 0x25, 0x2e, 0x76, 0x65, 0x64, 0x6f, 0x2e, 0x76, 0x65, 0x72,
    0x73, 0x69, 0x6f, 0x6e, 0x69, 0x6e, 0x67, 0x2e, 0x76, 0x31, 0x2e, 0x47, 0x65, 0x74, 0x42, 0x72,
    0x61, 0x6e, 0x63, 0x68, 0x52, 0x65, 0x73, 0x70, 0x6f, 0x6e, 0x73, 0x65, 0x12, 0x61, 0x0a, 0x0c,
    0x4c, 0x69, 0x73, 0x74, 0x42, 0x72, 0x61, 0x6e, 0x63, 0x68, 0x65, 0x73, 0x12, 0x27, 0x2e, 0x76,
    0x65, 0x64, 0x6f, 0x2e, 0x76, 0x65, 0x72, 0x73, 0x69, 0x6f, 0x6e, 0x69, 0x6e, 0x67, 0x2e, 0x76,
    0x31, 0x2e, 0x4c, 0x69, 0x73, 0x74, 0x42, 0x72, 0x61, 0x6e, 0x63, 0x68, 0x65, 0x73, 0x52, 0x65,
    0x71, 0x75, 0x65, 0x73, 0x74, 0x1a, 0x28, 0x2e, 0x76, 0x65, 0x64, 0x6f, 0x2e, 0x76, 0x65, 0x72,
    0x73, 0x69, 0x6f, 0x6e, 0x69, 0x6e, 0x67, 0x2e, 0x76, 0x31, 0x2e, 0x4c, 0x69, 0x73, 0x74, 0x42,
    0x72, 0x61, 0x6e, 0x63, 0x68, 0x65, 0x73, 0x52, 0x65, 0x73, 0x70, 0x6f, 0x6e, 0x73, 0x65, 0x12,
    0x61, 0x0a, 0x0c, 0x44, 0x65, 0x6c, 0x65, 0x74, 0x65, 0x42, 0x72, 0x61, 0x6e, 0x63, 0x68, 0x12,
    0x27, 0x2e, 0x76, 0x65, 0x64, 0x6f, 0x2e, 0x76, 0x65, 0x72, 0x73, 0x69, 0x6f, 0x6e, 0x69, 0x6e,
    0x67, 0x2e, 0x76, 0x31, 0x2e, 0x44, 0x65, 0x6c, 0x65, 0x74, 0x65, 0x42, 0x72, 0x61, 0x6e, 0x63,
    0x68, 0x52, 0x65, 0x71, 0x75, 0x65, 0x73, 0x74, 0x1a, 0x28, 0x2e, 0x76, 0x65, 0x64, 0x6f, 0x2e,
    0x76, 0x65, 0x72, 0x73, 0x69, 0x6f, 0x6e, 0x69, 0x6e, 0x67, 0x2e, 0x76, 0x31, 0x2e, 0x44, 0x65,
    0x6c, 0x65, 0x74, 0x65, 0x42, 0x72, 0x61, 0x6e, 0x63, 0x68, 0x52, 0x65, 0x73, 0x70, 0x6f, 0x6e,
    0x73, 0x65, 0x12, 0x61, 0x0a, 0x0c, 0x53, 0x77, 0x69, 0x74, 0x63, 0x68, 0x42, 0x72, 0x61, 0x6e,
    0x63, 0x68, 0x12, 0x27, 0x2e, 0x76, 0x65, 0x64, 0x6f, 0x2e, 0x76, 0x65, 0x72, 0x73, 0x69, 0x6f,
    0x6e, 0x69, 0x6e, 0x67, 0x2e, 0x76, 0x31, 0x2e, 0x53, 0x77, 0x69, 0x74, 0x63, 0x68, 0x42, 0x72,
    0x61, 0x6e, 0x63, 0x68, 0x52, 0x65, 0x71, 0x75, 0x65, 0x73, 0x74, 0x1a, 0x28, 0x2e, 0x76, 0x65,
    0x64, 0x6f, 0x2e, 0x76, 0x65, 0x72, 0x73, 0x69, 0x6f, 0x6e, 0x69, 0x6e, 0x67, 0x2e, 0x76, 0x31,
    0x2e, 0x53, 0x77, 0x69, 0x74, 0x63, 0x68, 0x42, 0x72, 0x61, 0x6e, 0x63, 0x68, 0x52, 0x65, 0x73,
    0x70, 0x6f, 0x6e, 0x73, 0x65, 0x12, 0x52, 0x0a, 0x07, 0x47, 0x65, 0x74, 0x44, 0x69, 0x66, 0x66,
    0x12, 0x22, 0x2e, 0x76, 0x65, 0x64, 0x6f, 0x2e, 0x76, 0x65, 0x72, 0x73, 0x69, 0x6f, 0x6e, 0x69,
    0x6e, 0x67, 0x2e, 0x76, 0x31, 0x2e, 0x47, 0x65, 0x74, 0x44, 0x69, 0x66, 0x66, 0x52, 0x65, 0x71,
    0x75, 0x65, 0x73, 0x74, 0x1a, 0x23, 0x2e, 0x76, 0x65, 0x64, 0x6f, 0x2e, 0x76, 0x65, 0x72, 0x73,
    0x69, 0x6f, 0x6e, 0x69, 0x6e, 0x67, 0x2e, 0x76, 0x31, 0x2e, 0x47, 0x65, 0x74, 0x44, 0x69, 0x66,
    0x66, 0x52, 0x65, 0x73, 0x70, 0x6f, 0x6e, 0x73, 0x65, 0x12, 0x67, 0x0a, 0x0e, 0x47, 0x65, 0x74,
    0x43, 0x6f, 0x6d, 0x6d, 0x69, 0x74, 0x44, 0x65, 0x6c, 0x74, 0x61, 0x12, 0x29, 0x2e, 0x76, 0x65,
    0x64, 0x6f, 0x2e, 0x76, 0x65, 0x72, 0x73, 0x69, 0x6f, 0x6e, 0x69, 0x6e, 0x67, 0x2e, 0x76, 0x31,
    0x2e, 0x47, 0x65, 0x74, 0x43, 0x6f, 0x6d, 0x6d, 0x69, 0x74, 0x44, 0x65, 0x6c, 0x74, 0x61, 0x52,
    0x65, 0x71, 0x75, 0x65, 0x73, 0x74, 0x1a, 0x2a, 0x2e, 0x76, 0x65, 0x64, 0x6f, 0x2e, 0x76, 0x65,
    0x72, 0x73, 0x69, 0x6f, 0x6e, 0x69, 0x6e, 0x67, 0x2e, 0x76, 0x31, 0x2e, 0x47, 0x65, 0x74, 0x43,
    0x6f, 0x6d, 0x6d, 0x69, 0x74, 0x44, 0x65, 0x6c, 0x74, 0x61, 0x52, 0x65, 0x73, 0x70, 0x6f, 0x6e,
    0x73, 0x65, 0x12, 0x4c, 0x0a, 0x05, 0x4d, 0x65, 0x72, 0x67, 0x65, 0x12, 0x20, 0x2e, 0x76, 0x65,
    0x64, 0x6f, 0x2e, 0x76, 0x65, 0x72, 0x73, 0x69, 0x6f, 0x6e, 0x69, 0x6e, 0x67, 0x2e, 0x76, 0x31,
    0x2e, 0x4d, 0x65, 0x72, 0x67, 0x65, 0x52, 0x65, 0x71, 0x75, 0x65, 0x73, 0x74, 0x1a, 0x21, 0x2e,
    0x76, 0x65, 0x64, 0x6f, 0x2e, 0x76, 0x65, 0x72, 0x73, 0x69, 0x6f, 0x6e, 0x69, 0x6e, 0x67, 0x2e,
    0x76, 0x31, 0x2e, 0x4d, 0x65, 0x72, 0x67, 0x65, 0x52, 0x65, 0x73, 0x70, 0x6f, 0x6e, 0x73, 0x65,
    0x12, 0x55, 0x0a, 0x08, 0x52, 0x6f, 0x6c, 0x6c, 0x62, 0x61, 0x63, 0x6b, 0x12, 0x23, 0x2e, 0x76,
    0x65, 0x64, 0x6f, 0x2e, 0x76, 0x65, 0x72, 0x73, 0x69, 0x6f, 0x6e, 0x69, 0x6e, 0x67, 0x2e, 0x76,
    0x31, 0x2e, 0x52, 0x6f, 0x6c, 0x6c, 0x62, 0x61, 0x63, 0x6b, 0x52, 0x65, 0x71, 0x75, 0x65, 0x73,
    0x74, 0x1a, 0x24, 0x2e, 0x76, 0x65, 0x64, 0x6f, 0x2e, 0x76, 0x65, 0x72, 0x73, 0x69, 0x6f, 0x6e,
    0x69, 0x6e, 0x67, 0x2e, 0x76, 0x31, 0x2e, 0x52, 0x6f, 0x6c, 0x6c, 0x62, 0x61, 0x63, 0x6b, 0x52,
    0x65, 0x73, 0x70, 0x6f, 0x6e, 0x73, 0x65, 0x12, 0x55, 0x0a, 0x08, 0x43, 0x68, 0x65, 0x63, 0x6b,
    0x6f, 0x75, 0x74, 0x12, 0x23, 0x2e, 0x76, 0x65, 0x64, 0x6f, 0x2e, 0x76, 0x65, 0x72, 0x73, 0x69,
    0x6f, 0x6e, 0x69, 0x6e, 0x67, 0x2e, 0x76, 0x31, 0x2e, 0x43, 0x68, 0x65, 0x63, 0x6b, 0x6f, 0x75,
    0x74, 0x52, 0x65, 0x71, 0x75, 0x65, 0x73, 0x74, 0x1a, 0x24, 0x2e, 0x76, 0x65, 0x64, 0x6f, 0x2e,
    0x76, 0x65, 0x72, 0x73, 0x69, 0x6f, 0x6e, 0x69, 0x6e, 0x67, 0x2e, 0x76, 0x31, 0x2e, 0x43, 0x68,
    0x65, 0x63, 0x6b, 0x6f, 0x75, 0x74, 0x52, 0x65, 0x73, 0x70, 0x6f, 0x6e, 0x73, 0x65, 0x42, 0x5a,
    0x0a, 0x16, 0x63, 0x6f, 0x6d, 0x2e, 0x76, 0x65, 0x64, 0x6f, 0x2e, 0x76, 0x65, 0x72, 0x73, 0x69,
    0x6f, 0x6e, 0x69, 0x6e, 0x67, 0x2e, 0x76, 0x31, 0x50, 0x01, 0x5a, 0x3e, 0x76, 0x65, 0x64, 0x6f,
    0x2d, 0x63, 0x6f, 0x72, 0x65, 0x2f, 0x73, 0x72, 0x63, 0x2f, 0x73, 0x65, 0x72, 0x76, 0x69, 0x63,
    0x65, 0x73, 0x2f, 0x73, 0x68, 0x61, 0x72, 0x65, 0x64, 0x2f, 0x70, 0x72, 0x6f, 0x74, 0x6f, 0x2f,
    0x76, 0x65, 0x72, 0x73, 0x69, 0x6f, 0x6e, 0x69, 0x6e, 0x67, 0x2f, 0x76, 0x31, 0x3b, 0x76, 0x65,
    0x72, 0x73, 0x69, 0x6f, 0x6e, 0x69, 0x6e, 0x67, 0x76, 0x31, 0x4a, 0xf4, 0x47, 0x0a, 0x07, 0x12,
    0x05, 0x02, 0x00, 0xfe, 0x01, 0x01, 0x0a, 0x78, 0x0a, 0x01, 0x0c, 0x12, 0x03, 0x02, 0x00, 0x12,
    0x1a, 0x6e, 0x20, 0x56, 0x65, 0x72, 0x73, 0x69, 0x6f, 0x6e, 0x69, 0x6e, 0x67, 0x20, 0x53, 0x65,
    0x72, 0x76, 0x69, 0x63, 0x65, 0x20, 0x67, 0x52, 0x50, 0x43, 0x20, 0x63, 0x6f, 0x6e, 0x74, 0x72,
    0x61, 0x63, 0x74, 0x2e, 0x0d, 0x0a, 0x20, 0x47, 0x69, 0x74, 0x2d, 0x6c, 0x69, 0x6b, 0x65, 0x20,
    0x63, 0x6f, 0x6d, 0x6d, 0x69, 0x74, 0x73, 0x2c, 0x20, 0x62, 0x72, 0x61, 0x6e, 0x63, 0x68, 0x65,
    0x73, 0x2c, 0x20, 0x64, 0x69, 0x66, 0x66, 0x2c, 0x20, 0x6d, 0x65, 0x72, 0x67, 0x65, 0x2c, 0x20,
    0x72, 0x6f, 0x6c, 0x6c, 0x62, 0x61, 0x63, 0x6b, 0x2c, 0x20, 0x63, 0x68, 0x65, 0x63, 0x6b, 0x6f,
    0x75, 0x74, 0x20, 0x6f, 0x70, 0x65, 0x72, 0x61, 0x74, 0x69, 0x6f, 0x6e, 0x73, 0x2e, 0x0d, 0x0a,
    0x0a, 0x08, 0x0a, 0x01, 0x02, 0x12, 0x03, 0x04, 0x00, 0x1b, 0x0a, 0x08, 0x0a, 0x01, 0x08, 0x12,
    0x03, 0x06, 0x00, 0x55, 0x0a, 0x09, 0x0a, 0x02, 0x08, 0x0b, 0x12, 0x03, 0x06, 0x00, 0x55, 0x0a,
    0x08, 0x0a, 0x01, 0x08, 0x12, 0x03, 0x07, 0x00, 0x22, 0x0a, 0x09, 0x0a, 0x02, 0x08, 0x0a, 0x12,
    0x03, 0x07, 0x00, 0x22, 0x0a, 0x08, 0x0a, 0x01, 0x08, 0x12, 0x03, 0x08, 0x00, 0x2f, 0x0a, 0x09,
    0x0a, 0x02, 0x08, 0x01, 0x12, 0x03, 0x08, 0x00, 0x2f, 0x0a, 0x09, 0x0a, 0x02, 0x03, 0x00, 0x12,
    0x03, 0x0a, 0x00, 0x20, 0x0a, 0xc1, 0x01, 0x0a, 0x02, 0x04, 0x00, 0x12, 0x04, 0x10, 0x00, 0x1a,
    0x01, 0x32, 0xb4, 0x01, 0x20, 0x3d, 0x3d, 0x3d, 0x3d, 0x3d, 0x3d, 0x3d, 0x3d, 0x3d, 0x3d, 0x3d,
    0x3d, 0x3d, 0x3d, 0x3d, 0x3d, 0x3d, 0x3d, 0x3d, 0x3d, 0x3d, 0x3d, 0x3d, 0x3d, 0x3d, 0x3d, 0x3d,
    0x3d, 0x3d, 0x3d, 0x3d, 0x3d, 0x3d, 0x3d, 0x3d, 0x3d, 0x3d, 0x3d, 0x3d, 0x3d, 0x3d, 0x3d, 0x3d,
    0x3d, 0x3d, 0x3d, 0x3d, 0x3d, 0x3d, 0x3d, 0x3d, 0x3d, 0x3d, 0x3d, 0x3d, 0x3d, 0x3d, 0x3d, 0x3d,
    0x3d, 0x3d, 0x3d, 0x3d, 0x3d, 0x3d, 0x3d, 0x3d, 0x3d, 0x3d, 0x3d, 0x3d, 0x3d, 0x3d, 0x3d, 0x3d,
    0x3d, 0x3d, 0x0d, 0x0a, 0x20, 0x43, 0x6f, 0x6d, 0x6d, 0x69, 0x74, 0x20, 0x4f, 0x70, 0x65, 0x72,
    0x61, 0x74, 0x69, 0x6f, 0x6e, 0x73, 0x0d, 0x0a, 0x20, 0x3d, 0x3d, 0x3d, 0x3d, 0x3d, 0x3d, 0x3d,
    0x3d, 0x3d, 0x3d, 0x3d, 0x3d, 0x3d, 0x3d, 0x3d, 0x3d, 0x3d, 0x3d, 0x3d, 0x3d, 0x3d, 0x3d, 0x3d,
    0x3d, 0x3d, 0x3d, 0x3d, 0x3d, 0x3d, 0x3d, 0x3d, 0x3d, 0x3d, 0x3d, 0x3d, 0x3d, 0x3d, 0x3d, 0x3d,
    0x3d, 0x3d, 0x3d, 0x3d, 0x3d, 0x3d, 0x3d, 0x3d, 0x3d, 0x3d, 0x3d, 0x3d, 0x3d, 0x3d, 0x3d, 0x3d,
    0x3d, 0x3d, 0x3d, 0x3d, 0x3d, 0x3d, 0x3d, 0x3d, 0x3d, 0x3d, 0x3d, 0x3d, 0x3d, 0x3d, 0x3d, 0x3d,
    0x3d, 0x3d, 0x3d, 0x3d, 0x3d, 0x3d, 0x0d, 0x0a, 0x0a, 0x0a, 0x0a, 0x03, 0x04, 0x00, 0x01, 0x12,
    0x03, 0x10, 0x08, 0x0e, 0x0a, 0x0c, 0x0a, 0x05, 0x04, 0x00, 0x02, 0x00, 0x05, 0x12, 0x03, 0x11,
    0x02, 0x08, 0x0a, 0x1c, 0x0a, 0x04, 0x04, 0x00, 0x02, 0x00, 0x12, 0x03, 0x11, 0x02, 0x10, 0x22,
    0x0f, 0x20, 0x53, 0x48, 0x41, 0x2d, 0x6c, 0x69, 0x6b, 0x65, 0x20, 0x68, 0x61, 0x73, 0x68, 0x0d,
    0x0a, 0x0c, 0x0a, 0x05, 0x04, 0x00, 0x02, 0x00, 0x01, 0x12, 0x03, 0x11, 0x09, 0x0b, 0x0a, 0x0c,
    0x0a, 0x05, 0x04, 0x00, 0x02, 0x00, 0x03, 0x12, 0x03, 0x11, 0x0e, 0x0f, 0x0a, 0x0c, 0x0a, 0x05,
    0x04, 0x00, 0x02, 0x01, 0x05, 0x12, 0x03, 0x12, 0x02, 0x08, 0x0a, 0x0b, 0x0a, 0x04, 0x04, 0x00,
    0x02, 0x01, 0x12, 0x03, 0x12, 0x02, 0x19, 0x0a, 0x0c, 0x0a, 0x05, 0x04, 0x00, 0x02, 0x01, 0x01,
    0x12, 0x03, 0x12, 0x09, 0x14, 0x0a, 0x0c, 0x0a, 0x05, 0x04, 0x00, 0x02, 0x01, 0x03, 0x12, 0x03,
    0x12, 0x17, 0x18, 0x0a, 0x0c, 0x0a, 0x05, 0x04, 0x00, 0x02, 0x02, 0x05, 0x12, 0x03, 0x13, 0x02,
    0x08, 0x0a, 0x0b, 0x0a, 0x04, 0x04, 0x00, 0x02, 0x02, 0x12, 0x03, 0x13, 0x02, 0x17, 0x0a, 0x0c,
    0x0a, 0x05, 0x04, 0x00, 0x02, 0x02, 0x01, 0x12, 0x03, 0x13, 0x09, 0x12, 0x0a, 0x0c, 0x0a, 0x05,
    0x04, 0x00, 0x02, 0x02, 0x03, 0x12, 0x03, 0x13, 0x15, 0x16, 0x0a, 0x0c, 0x0a, 0x05, 0x04, 0x00,
    0x02, 0x03, 0x05, 0x12, 0x03, 0x14, 0x02, 0x08, 0x0a, 0x0b, 0x0a, 0x04, 0x04, 0x00, 0x02, 0x03,
    0x12, 0x03, 0x14, 0x02, 0x15, 0x0a, 0x0c, 0x0a, 0x05, 0x04, 0x00, 0x02, 0x03, 0x01, 0x12, 0x03,
    0x14, 0x09, 0x10, 0x0a, 0x0c, 0x0a, 0x05, 0x04, 0x00, 0x02, 0x03, 0x03, 0x12, 0x03, 0x14, 0x13,
    0x14, 0x0a, 0x0c, 0x0a, 0x05, 0x04, 0x00, 0x02, 0x04, 0x05, 0x12, 0x03, 0x15, 0x02, 0x08, 0x0a,
    0x0b, 0x0a, 0x04, 0x04, 0x00, 0x02, 0x04, 0x12, 0x03, 0x15, 0x02, 0x17, 0x0a, 0x0c, 0x0a, 0x05,
    0x04, 0x00, 0x02, 0x04, 0x01, 0x12, 0x03, 0x15, 0x09, 0x12, 0x0a, 0x0c, 0x0a, 0x05, 0x04, 0x00,
    0x02, 0x04, 0x03, 0x12, 0x03, 0x15, 0x15, 0x16, 0x0a, 0x0c, 0x0a, 0x05, 0x04, 0x00, 0x02, 0x05,
    0x05, 0x12, 0x03, 0x16, 0x02, 0x08, 0x0a, 0x23, 0x0a, 0x04, 0x04, 0x00, 0x02, 0x05, 0x12, 0x03,
    0x16, 0x02, 0x17, 0x22, 0x16, 0x20, 0x70, 0x72, 0x65, 0x76, 0x69, 0x6f, 0x75, 0x73, 0x20, 0x63,
    0x6f, 0x6d, 0x6d, 0x69, 0x74, 0x20, 0x68, 0x61, 0x73, 0x68, 0x0d, 0x0a, 0x0c, 0x0a, 0x05, 0x04,
    0x00, 0x02, 0x05, 0x01, 0x12, 0x03, 0x16, 0x09, 0x12, 0x0a, 0x0c, 0x0a, 0x05, 0x04, 0x00, 0x02,
    0x05, 0x03, 0x12, 0x03, 0x16, 0x15, 0x16, 0x0a, 0x0c, 0x0a, 0x05, 0x04, 0x00, 0x02, 0x06, 0x04,
    0x12, 0x03, 0x17, 0x02, 0x0a, 0x0a, 0x0b, 0x0a, 0x04, 0x04, 0x00, 0x02, 0x06, 0x12, 0x03, 0x17,
    0x02, 0x1f, 0x0a, 0x0c, 0x0a, 0x05, 0x04, 0x00, 0x02, 0x06, 0x05, 0x12, 0x03, 0x17, 0x0b, 0x11,
    0x0a, 0x0c, 0x0a, 0x05, 0x04, 0x00, 0x02, 0x06, 0x01, 0x12, 0x03, 0x17, 0x12, 0x1a, 0x0a, 0x0c,
    0x0a, 0x05, 0x04, 0x00, 0x02, 0x06, 0x03, 0x12, 0x03, 0x17, 0x1d, 0x1e, 0x0a, 0x0c, 0x0a, 0x05,
    0x04, 0x00, 0x02, 0x07, 0x05, 0x12, 0x03, 0x18, 0x02, 0x08, 0x0a, 0x17, 0x0a, 0x04, 0x04, 0x00,
    0x02, 0x07, 0x12, 0x03, 0x18, 0x02, 0x18, 0x22, 0x0a, 0x20, 0x49, 0x53, 0x4f, 0x20, 0x38, 0x36,
    0x30, 0x31, 0x0d, 0x0a, 0x0c, 0x0a, 0x05, 0x04, 0x00, 0x02, 0x07, 0x01, 0x12, 0x03, 0x18, 0x09,
    0x13, 0x0a, 0x0c, 0x0a, 0x05, 0x04, 0x00, 0x02, 0x07, 0x03, 0x12, 0x03, 0x18, 0x16, 0x17, 0x0a,
    0x0c, 0x0a, 0x05, 0x04, 0x00, 0x02, 0x08, 0x06, 0x12, 0x03, 0x19, 0x02, 0x15, 0x0a, 0x49, 0x0a,
    0x04, 0x04, 0x00, 0x02, 0x08, 0x12, 0x03, 0x19, 0x02, 0x23, 0x22, 0x3c, 0x20, 0x65, 0x78, 0x74,
    0x65, 0x6e, 0x73, 0x69, 0x62, 0x6c, 0x65, 0x20, 0x6d, 0x65, 0x74, 0x61, 0x64, 0x61, 0x74, 0x61,
    0x20, 0x28, 0x65, 0x2e, 0x67, 0x2e, 0x2c, 0x20, 0x73, 0x6f, 0x75, 0x72, 0x63, 0x65, 0x5f, 0x66,
    0x69, 0x6c, 0x65, 0x20, 0x66, 0x72, 0x6f, 0x6d, 0x20, 0x41, 0x70, 0x70, 0x6c, 0x79, 0x53, 0x65,
    0x71, 0x75, 0x65, 0x6e, 0x63, 0x65, 0x29, 0x0d, 0x0a, 0x0c, 0x0a, 0x05, 0x04, 0x00, 0x02, 0x08,
    0x01, 0x12, 0x03, 0x19, 0x16, 0x1e, 0x0a, 0x0c, 0x0a, 0x05, 0x04, 0x00, 0x02, 0x08, 0x03, 0x12,
    0x03, 0x19, 0x21, 0x22, 0x0a, 0x0a, 0x0a, 0x02, 0x04, 0x01, 0x12, 0x04, 0x1c, 0x00, 0x23, 0x01,
    0x0a, 0x0a, 0x0a, 0x03, 0x04, 0x01, 0x01, 0x12, 0x03, 0x1c, 0x08, 0x1b, 0x0a, 0x0c, 0x0a, 0x05,
    0x04, 0x01, 0x02, 0x00, 0x05, 0x12, 0x03, 0x1d, 0x02, 0x08, 0x0a, 0x0b, 0x0a, 0x04, 0x04, 0x01,
    0x02, 0x00, 0x12, 0x03, 0x1d, 0x02, 0x19, 0x0a, 0x0c, 0x0a, 0x05, 0x04, 0x01, 0x02, 0x00, 0x01,
    0x12, 0x03, 0x1d, 0x09, 0x14, 0x0a, 0x0c, 0x0a, 0x05, 0x04, 0x01, 0x02, 0x00, 0x03, 0x12, 0x03,
    0x1d, 0x17, 0x18, 0x0a, 0x0c, 0x0a, 0x05, 0x04, 0x01, 0x02, 0x01, 0x05, 0x12, 0x03, 0x1e, 0x02,
    0x08, 0x0a, 0x0b, 0x0a, 0x04, 0x04, 0x01, 0x02, 0x01, 0x12, 0x03, 0x1e, 0x02, 0x17, 0x0a, 0x0c,
    0x0a, 0x05, 0x04, 0x01, 0x02, 0x01, 0x01, 0x12, 0x03, 0x1e, 0x09, 0x12, 0x0a, 0x0c, 0x0a, 0x05,
    0x04, 0x01, 0x02, 0x01, 0x03, 0x12, 0x03, 0x1e, 0x15, 0x16, 0x0a, 0x0c, 0x0a, 0x05, 0x04, 0x01,
    0x02, 0x02, 0x05, 0x12, 0x03, 0x1f, 0x02, 0x08, 0x0a, 0x0b, 0x0a, 0x04, 0x04, 0x01, 0x02, 0x02,
    0x12, 0x03, 0x1f, 0x02, 0x15, 0x0a, 0x0c, 0x0a, 0x05, 0x04, 0x01, 0x02, 0x02, 0x01, 0x12, 0x03,
    0x1f, 0x09, 0x10, 0x0a, 0x0c, 0x0a, 0x05, 0x04, 0x01, 0x02, 0x02, 0x03, 0x12, 0x03, 0x1f, 0x13,
    0x14, 0x0a, 0x0c, 0x0a, 0x05, 0x04, 0x01, 0x02, 0x03, 0x05, 0x12, 0x03, 0x20, 0x02, 0x08, 0x0a,
    0x0b, 0x0a, 0x04, 0x04, 0x01, 0x02, 0x03, 0x12, 0x03, 0x20, 0x02, 0x17, 0x0a, 0x0c, 0x0a, 0x05,
    0x04, 0x01, 0x02, 0x03, 0x01, 0x12, 0x03, 0x20, 0x09, 0x12, 0x0a, 0x0c, 0x0a, 0x05, 0x04, 0x01,
    0x02, 0x03, 0x03, 0x12, 0x03, 0x20, 0x15, 0x16, 0x0a, 0x0c, 0x0a, 0x05, 0x04, 0x01, 0x02, 0x04,
    0x05, 0x12, 0x03, 0x21, 0x02, 0x08, 0x0a, 0x0b, 0x0a, 0x04, 0x04, 0x01, 0x02, 0x04, 0x12, 0x03,
    0x21, 0x02, 0x17, 0x0a, 0x0c, 0x0a, 0x05, 0x04, 0x01, 0x02, 0x04, 0x01, 0x12, 0x03, 0x21, 0x09,
    0x12, 0x0a, 0x0c, 0x0a, 0x05, 0x04, 0x01, 0x02, 0x04, 0x03, 0x12, 0x03, 0x21, 0x15, 0x16, 0x0a,
    0x0c, 0x0a, 0x05, 0x04, 0x01, 0x02, 0x05, 0x06, 0x12, 0x03, 0x22, 0x02, 0x15, 0x0a, 0x0b, 0x0a,
    0x04, 0x04, 0x01, 0x02, 0x05, 0x12, 0x03, 0x22, 0x02, 0x23, 0x0a, 0x0c, 0x0a, 0x05, 0x04, 0x01,
    0x02, 0x05, 0x01, 0x12, 0x03, 0x22, 0x16, 0x1e, 0x0a, 0x0c, 0x0a, 0x05, 0x04, 0x01, 0x02, 0x05,
    0x03, 0x12, 0x03, 0x22, 0x21, 0x22, 0x0a, 0x0a, 0x0a, 0x02, 0x04, 0x02, 0x12, 0x04, 0x25, 0x00,
    0x28, 0x01, 0x0a, 0x0a, 0x0a, 0x03, 0x04, 0x02, 0x01, 0x12, 0x03, 0x25, 0x08, 0x1c, 0x0a, 0x0c,
    0x0a, 0x05, 0x04, 0x02, 0x02, 0x00, 0x06, 0x12, 0x03, 0x26, 0x02, 0x08, 0x0a, 0x0b, 0x0a, 0x04,
    0x04, 0x02, 0x02, 0x00, 0x12, 0x03, 0x26, 0x02, 0x14, 0x0a, 0x0c, 0x0a, 0x05, 0x04, 0x02, 0x02,
    0x00, 0x01, 0x12, 0x03, 0x26, 0x09, 0x0f, 0x0a, 0x0c, 0x0a, 0x05, 0x04, 0x02, 0x02, 0x00, 0x03,
    0x12, 0x03, 0x26, 0x12, 0x13, 0x0a, 0x0c, 0x0a, 0x05, 0x04, 0x02, 0x02, 0x01, 0x06, 0x12, 0x03,
    0x27, 0x02, 0x1c, 0x0a, 0x0b, 0x0a, 0x04, 0x04, 0x02, 0x02, 0x01, 0x12, 0x03, 0x27, 0x02, 0x27,
    0x0a, 0x0c, 0x0a, 0x05, 0x04, 0x02, 0x02, 0x01, 0x01, 0x12, 0x03, 0x27, 0x1d, 0x22, 0x0a, 0x0c,
    0x0a, 0x05, 0x04, 0x02, 0x02, 0x01, 0x03, 0x12, 0x03, 0x27, 0x25, 0x26, 0x0a, 0x0a, 0x0a, 0x02,
    0x04, 0x03, 0x12, 0x04, 0x2a, 0x00, 0x2d, 0x01, 0x0a, 0x0a, 0x0a, 0x03, 0x04, 0x03, 0x01, 0x12,
    0x03, 0x2a, 0x08, 0x18, 0x0a, 0x0c, 0x0a, 0x05, 0x04, 0x03, 0x02, 0x00, 0x05, 0x12, 0x03, 0x2b,
    0x02, 0x08, 0x0a, 0x0b, 0x0a, 0x04, 0x04, 0x03, 0x02, 0x00, 0x12, 0x03, 0x2b, 0x02, 0x19, 0x0a,
    0x0c, 0x0a, 0x05, 0x04, 0x03, 0x02, 0x00, 0x01, 0x12, 0x03, 0x2b, 0x09, 0x14, 0x0a, 0x0c, 0x0a,
    0x05, 0x04, 0x03, 0x02, 0x00, 0x03, 0x12, 0x03, 0x2b, 0x17, 0x18, 0x0a, 0x0c, 0x0a, 0x05, 0x04,
    0x03, 0x02, 0x01, 0x05, 0x12, 0x03, 0x2c, 0x02, 0x08, 0x0a, 0x0b, 0x0a, 0x04, 0x04, 0x03, 0x02,
    0x01, 0x12, 0x03, 0x2c, 0x02, 0x17, 0x0a, 0x0c, 0x0a, 0x05, 0x04, 0x03, 0x02, 0x01, 0x01, 0x12,
    0x03, 0x2c, 0x09, 0x12, 0x0a, 0x0c, 0x0a, 0x05, 0x04, 0x03, 0x02, 0x01, 0x03, 0x12, 0x03, 0x2c,
    0x15, 0x16, 0x0a, 0x0a, 0x0a, 0x02, 0x04, 0x04, 0x12, 0x04, 0x2f, 0x00, 0x32, 0x01, 0x0a, 0x0a,
    0x0a, 0x03, 0x04, 0x04, 0x01, 0x12, 0x03, 0x2f, 0x08, 0x19, 0x0a, 0x0c, 0x0a, 0x05, 0x04, 0x04,
    0x02, 0x00, 0x06, 0x12, 0x03, 0x30, 0x02, 0x08, 0x0a, 0x0b, 0x0a, 0x04, 0x04, 0x04, 0x02, 0x00,
    0x12, 0x03, 0x30, 0x02, 0x14, 0x0a, 0x0c, 0x0a, 0x05, 0x04, 0x04, 0x02, 0x00, 0x01, 0x12, 0x03,
    0x30, 0x09, 0x0f, 0x0a, 0x0c, 0x0a, 0x05, 0x04, 0x04, 0x02, 0x00, 0x03, 0x12, 0x03, 0x30, 0x12,
    0x13, 0x0a, 0x0c, 0x0a, 0x05, 0x04, 0x04, 0x02, 0x01, 0x06, 0x12, 0x03, 0x31, 0x02, 0x1c, 0x0a,
    0x0b, 0x0a, 0x04, 0x04, 0x04, 0x02, 0x01, 0x12, 0x03, 0x31, 0x02, 0x27, 0x0a, 0x0c, 0x0a, 0x05,
    0x04, 0x04, 0x02, 0x01, 0x01, 0x12, 0x03, 0x31, 0x1d, 0x22, 0x0a, 0x0c, 0x0a, 0x05, 0x04, 0x04,
    0x02, 0x01, 0x03, 0x12, 0x03, 0x31, 0x25, 0x26, 0x0a, 0x0a, 0x0a, 0x02, 0x04, 0x05, 0x12, 0x04,
    0x34, 0x00, 0x38, 0x01, 0x0a, 0x0a, 0x0a, 0x03, 0x04, 0x05, 0x01, 0x12, 0x03, 0x34, 0x08, 0x1a,
    0x0a, 0x0c, 0x0a, 0x05, 0x04, 0x05, 0x02, 0x00, 0x05, 0x12, 0x03, 0x35, 0x02, 0x08, 0x0a, 0x0b,
    0x0a, 0x04, 0x04, 0x05, 0x02, 0x00, 0x12, 0x03, 0x35, 0x02, 0x19, 0x0a, 0x0c, 0x0a, 0x05, 0x04,
    0x05, 0x02, 0x00, 0x01, 0x12, 0x03, 0x35, 0x09, 0x14, 0x0a, 0x0c, 0x0a, 0x05, 0x04, 0x05, 0x02,
    0x00, 0x03, 0x12, 0x03, 0x35, 0x17, 0x18, 0x0a, 0x0c, 0x0a, 0x05, 0x04, 0x05, 0x02, 0x01, 0x05,
    0x12, 0x03, 0x36, 0x02, 0x08, 0x0a, 0x0b, 0x0a, 0x04, 0x04, 0x05, 0x02, 0x01, 0x12, 0x03, 0x36,
    0x02, 0x17, 0x0a, 0x0c, 0x0a, 0x05, 0x04, 0x05, 0x02, 0x01, 0x01, 0x12, 0x03, 0x36, 0x09, 0x12,
    0x0a, 0x0c, 0x0a, 0x05, 0x04, 0x05, 0x02, 0x01, 0x03, 0x12, 0x03, 0x36, 0x15, 0x16, 0x0a, 0x0c,
    0x0a, 0x05, 0x04, 0x05, 0x02, 0x02, 0x06, 0x12, 0x03, 0x37, 0x02, 0x22, 0x0a, 0x0b, 0x0a, 0x04,
    0x04, 0x05, 0x02, 0x02, 0x12, 0x03, 0x37, 0x02, 0x32, 0x0a, 0x0c, 0x0a, 0x05, 0x04, 0x05, 0x02,
    0x02, 0x01, 0x12, 0x03, 0x37, 0x23, 0x2d, 0x0a, 0x0c, 0x0a, 0x05, 0x04, 0x05, 0x02, 0x02, 0x03,
    0x12, 0x03, 0x37, 0x30, 0x31, 0x0a, 0x0a, 0x0a, 0x02, 0x04, 0x06, 0x12, 0x04, 0x3a, 0x00, 0x3e,
    0x01, 0x0a, 0x0a, 0x0a, 0x03, 0x04, 0x06, 0x01, 0x12, 0x03, 0x3a, 0x08, 0x1b, 0x0a, 0x0c, 0x0a,
    0x05, 0x04, 0x06, 0x02, 0x00, 0x04, 0x12, 0x03, 0x3b, 0x02, 0x0a, 0x0a, 0x0b, 0x0a, 0x04, 0x04,
    0x06, 0x02, 0x00, 0x12, 0x03, 0x3b, 0x02, 0x1e, 0x0a, 0x0c, 0x0a, 0x05, 0x04, 0x06, 0x02, 0x00,
    0x06, 0x12, 0x03, 0x3b, 0x0b, 0x11, 0x0a, 0x0c, 0x0a, 0x05, 0x04, 0x06, 0x02, 0x00, 0x01, 0x12,
    0x03, 0x3b, 0x12, 0x19, 0x0a, 0x0c, 0x0a, 0x05, 0x04, 0x06, 0x02, 0x00, 0x03, 0x12, 0x03, 0x3b,
    0x1c, 0x1d, 0x0a, 0x0c, 0x0a, 0x05, 0x04, 0x06, 0x02, 0x01, 0x06, 0x12, 0x03, 0x3c, 0x02, 0x23,
    0x0a, 0x0b, 0x0a, 0x04, 0x04, 0x06, 0x02, 0x01, 0x12, 0x03, 0x3c, 0x02, 0x33, 0x0a, 0x0c, 0x0a,
    0x05, 0x04, 0x06, 0x02, 0x01, 0x01, 0x12, 0x03, 0x3c, 0x24, 0x2e, 0x0a, 0x0c, 0x0a, 0x05, 0x04,
    0x06, 0x02, 0x01, 0x03, 0x12, 0x03, 0x3c, 0x31, 0x32, 0x0a, 0x0c, 0x0a, 0x05, 0x04, 0x06, 0x02,
    0x02, 0x06, 0x12, 0x03, 0x3d, 0x02, 0x1c, 0x0a, 0x0b, 0x0a, 0x04, 0x04, 0x06, 0x02, 0x02, 0x12,
    0x03, 0x3d, 0x02, 0x27, 0x0a, 0x0c, 0x0a, 0x05, 0x04, 0x06, 0x02, 0x02, 0x01, 0x12, 0x03, 0x3d,
    0x1d, 0x22, 0x0a, 0x0c, 0x0a, 0x05, 0x04, 0x06, 0x02, 0x02, 0x03, 0x12, 0x03, 0x3d, 0x25, 0x26,
    0x0a, 0xc1, 0x01, 0x0a, 0x02, 0x04, 0x07, 0x12, 0x04, 0x44, 0x00, 0x4d, 0x01, 0x32, 0xb4, 0x01,
    0x20, 0x3d, 0x3d, 0x3d, 0x3d, 0x3d, 0x3d, 0x3d, 0x3d, 0x3d, 0x3d, 0x3d, 0x3d, 0x3d, 0x3d, 0x3d,
    0x3d, 0x3d, 0x3d, 0x3d, 0x3d, 0x3d, 0x3d, 0x3d, 0x3d, 0x3d, 0x3d, 0x3d, 0x3d, 0x3d, 0x3d, 0x3d,
    0x3d, 0x3d, 0x3d, 0x3d, 0x3d, 0x3d, 0x3d, 0x3d, 0x3d, 0x3d, 0x3d, 0x3d, 0x3d, 0x3d, 0x3d, 0x3d,
    0x3d, 0x3d, 0x3d, 0x3d, 0x3d, 0x3d, 0x3d, 0x3d, 0x3d, 0x3d, 0x3d, 0x3d, 0x3d, 0x3d, 0x3d, 0x3d,
    0x3d, 0x3d, 0x3d, 0x3d, 0x3d, 0x3d, 0x3d, 0x3d, 0x3d, 0x3d, 0x3d, 0x3d, 0x3d, 0x3d, 0x0d, 0x0a,
    0x20, 0x42, 0x72, 0x61, 0x6e, 0x63, 0x68, 0x20, 0x4f, 0x70, 0x65, 0x72, 0x61, 0x74, 0x69, 0x6f,
    0x6e, 0x73, 0x0d, 0x0a, 0x20, 0x3d, 0x3d, 0x3d, 0x3d, 0x3d, 0x3d, 0x3d, 0x3d, 0x3d, 0x3d, 0x3d,
    0x3d, 0x3d, 0x3d, 0x3d, 0x3d, 0x3d, 0x3d, 0x3d, 0x3d, 0x3d, 0x3d, 0x3d, 0x3d, 0x3d, 0x3d, 0x3d,
    0x3d, 0x3d, 0x3d, 0x3d, 0x3d, 0x3d, 0x3d, 0x3d, 0x3d, 0x3d, 0x3d, 0x3d, 0x3d, 0x3d, 0x3d, 0x3d,
    0x3d, 0x3d, 0x3d, 0x3d, 0x3d, 0x3d, 0x3d, 0x3d, 0x3d, 0x3d, 0x3d, 0x3d, 0x3d, 0x3d, 0x3d, 0x3d,
    0x3d, 0x3d, 0x3d, 0x3d, 0x3d, 0x3d, 0x3d, 0x3d, 0x3d, 0x3d, 0x3d, 0x3d, 0x3d, 0x3d, 0x3d, 0x3d,
    0x3d, 0x3d, 0x0d, 0x0a, 0x0a, 0x0a, 0x0a, 0x03, 0x04, 0x07, 0x01, 0x12, 0x03, 0x44, 0x08, 0x0e,
    0x0a, 0x0c, 0x0a, 0x05, 0x04, 0x07, 0x02, 0x00, 0x05, 0x12, 0x03, 0x45, 0x02, 0x08, 0x0a, 0x0b,
    0x0a, 0x04, 0x04, 0x07, 0x02, 0x00, 0x12, 0x03, 0x45, 0x02, 0x10, 0x0a, 0x0c, 0x0a, 0x05, 0x04,
    0x07, 0x02, 0x00, 0x01, 0x12, 0x03, 0x45, 0x09, 0x0b, 0x0a, 0x0c, 0x0a, 0x05, 0x04, 0x07, 0x02,
    0x00, 0x03, 0x12, 0x03, 0x45, 0x0e, 0x0f, 0x0a, 0x0c, 0x0a, 0x05, 0x04, 0x07, 0x02, 0x01, 0x05,
    0x12, 0x03, 0x46, 0x02, 0x08, 0x0a, 0x0b, 0x0a, 0x04, 0x04, 0x07, 0x02, 0x01, 0x12, 0x03, 0x46,
    0x02, 0x19, 0x0a, 0x0c, 0x0a, 0x05, 0x04, 0x07, 0x02, 0x01, 0x01, 0x12, 0x03, 0x46, 0x09, 0x14,
    0x0a, 0x0c, 0x0a, 0x05, 0x04, 0x07, 0x02, 0x01, 0x03, 0x12, 0x03, 0x46, 0x17, 0x18, 0x0a, 0x0c,
    0x0a, 0x05, 0x04, 0x07, 0x02, 0x02, 0x05, 0x12, 0x03, 0x47, 0x02, 0x08, 0x0a, 0x0b, 0x0a, 0x04,
    0x04, 0x07, 0x02, 0x02, 0x12, 0x03, 0x47, 0x02, 0x12, 0x0a, 0x0c, 0x0a, 0x05, 0x04, 0x07, 0x02,
    0x02, 0x01, 0x12, 0x03, 0x47, 0x09, 0x0d, 0x0a, 0x0c, 0x0a, 0x05, 0x04, 0x07, 0x02, 0x02, 0x03,
    0x12, 0x03, 0x47, 0x10, 0x11, 0x0a, 0x0c, 0x0a, 0x05, 0x04, 0x07, 0x02, 0x03, 0x05, 0x12, 0x03,
    0x48, 0x02, 0x08, 0x0a, 0x0b, 0x0a, 0x04, 0x04, 0x07, 0x02, 0x03, 0x12, 0x03, 0x48, 0x02, 0x1c,
    0x0a, 0x0c, 0x0a, 0x05, 0x04, 0x07, 0x02, 0x03, 0x01, 0x12, 0x03, 0x48, 0x09, 0x17, 0x0a, 0x0c,
    0x0a, 0x05, 0x04, 0x07, 0x02, 0x03, 0x03, 0x12, 0x03, 0x48, 0x1a, 0x1b, 0x0a, 0x0c, 0x0a, 0x05,
    0x04, 0x07, 0x02, 0x04, 0x05, 0x12, 0x03, 0x49, 0x02, 0x06, 0x0a, 0x0b, 0x0a, 0x04, 0x04, 0x07,
    0x02, 0x04, 0x12, 0x03, 0x49, 0x02, 0x18, 0x0a, 0x0c, 0x0a, 0x05, 0x04, 0x07, 0x02, 0x04, 0x01,
    0x12, 0x03, 0x49, 0x07, 0x13, 0x0a, 0x0c, 0x0a, 0x05, 0x04, 0x07, 0x02, 0x04, 0x03, 0x12, 0x03,
    0x49, 0x16, 0x17, 0x0a, 0x0c, 0x0a, 0x05, 0x04, 0x07, 0x02, 0x05, 0x05, 0x12, 0x03, 0x4a, 0x02,
    0x06, 0x0a, 0x0b, 0x0a, 0x04, 0x04, 0x07, 0x02, 0x05, 0x12, 0x03, 0x4a, 0x02, 0x16, 0x0a, 0x0c,
    0x0a, 0x05, 0x04, 0x07, 0x02, 0x05, 0x01, 0x12, 0x03, 0x4a, 0x07, 0x11, 0x0a, 0x0c, 0x0a, 0x05,
    0x04, 0x07, 0x02, 0x05, 0x03, 0x12, 0x03, 0x4a, 0x14, 0x15, 0x0a, 0x0c, 0x0a, 0x05, 0x04, 0x07,
    0x02, 0x06, 0x05, 0x12, 0x03, 0x4b, 0x02, 0x08, 0x0a, 0x0b, 0x0a, 0x04, 0x04, 0x07, 0x02, 0x06,
    0x12, 0x03, 0x4b, 0x02, 0x18, 0x0a, 0x0c, 0x0a, 0x05, 0x04, 0x07, 0x02, 0x06, 0x01, 0x12, 0x03,
    0x4b, 0x09, 0x13, 0x0a, 0x0c, 0x0a, 0x05, 0x04, 0x07, 0x02, 0x06, 0x03, 0x12, 0x03, 0x4b, 0x16,
    0x17, 0x0a, 0x0c, 0x0a, 0x05, 0x04, 0x07, 0x02, 0x07, 0x05, 0x12, 0x03, 0x4c, 0x02, 0x08, 0x0a,
    0x0b, 0x0a, 0x04, 0x04, 0x07, 0x02, 0x07, 0x12, 0x03, 0x4c, 0x02, 0x18, 0x0a, 0x0c, 0x0a, 0x05,
    0x04, 0x07, 0x02, 0x07, 0x01, 0x12, 0x03, 0x4c, 0x09, 0x13, 0x0a, 0x0c, 0x0a, 0x05, 0x04, 0x07,
    0x02, 0x07, 0x03, 0x12, 0x03, 0x4c, 0x16, 0x17, 0x0a, 0x0a, 0x0a, 0x02, 0x04, 0x08, 0x12, 0x04,
    0x4f, 0x00, 0x54, 0x01, 0x0a, 0x0a, 0x0a, 0x03, 0x04, 0x08, 0x01, 0x12, 0x03, 0x4f, 0x08, 0x1b,
    0x0a, 0x0c, 0x0a, 0x05, 0x04, 0x08, 0x02, 0x00, 0x05, 0x12, 0x03, 0x50, 0x02, 0x08, 0x0a, 0x0b,
    0x0a, 0x04, 0x04, 0x08, 0x02, 0x00, 0x12, 0x03, 0x50, 0x02, 0x19, 0x0a, 0x0c, 0x0a, 0x05, 0x04,
    0x08, 0x02, 0x00, 0x01, 0x12, 0x03, 0x50, 0x09, 0x14, 0x0a, 0x0c, 0x0a, 0x05, 0x04, 0x08, 0x02,
    0x00, 0x03, 0x12, 0x03, 0x50, 0x17, 0x18, 0x0a, 0x0c, 0x0a, 0x05, 0x04, 0x08, 0x02, 0x01, 0x05,
    0x12, 0x03, 0x51, 0x02, 0x08, 0x0a, 0x0b, 0x0a, 0x04, 0x04, 0x08, 0x02, 0x01, 0x12, 0x03, 0x51,
    0x02, 0x12, 0x0a, 0x0c, 0x0a, 0x05, 0x04, 0x08, 0x02, 0x01, 0x01, 0x12, 0x03, 0x51, 0x09, 0x0d,
    0x0a, 0x0c, 0x0a, 0x05, 0x04, 0x08, 0x02, 0x01, 0x03, 0x12, 0x03, 0x51, 0x10, 0x11, 0x0a, 0x0c,
    0x0a, 0x05, 0x04, 0x08, 0x02, 0x02, 0x05, 0x12, 0x03, 0x52, 0x02, 0x08, 0x0a, 0x22, 0x0a, 0x04,
    0x04, 0x08, 0x02, 0x02, 0x12, 0x03, 0x52, 0x02, 0x1e, 0x22, 0x15, 0x20, 0x62, 0x72, 0x61, 0x6e,
    0x63, 0x68, 0x20, 0x74, 0x6f, 0x20, 0x66, 0x6f, 0x72, 0x6b, 0x20, 0x66, 0x72, 0x6f, 0x6d, 0x0d,
    0x0a, 0x0c, 0x0a, 0x05, 0x04, 0x08, 0x02, 0x02, 0x01, 0x12, 0x03, 0x52, 0x09, 0x19, 0x0a, 0x0c,
    0x0a, 0x05, 0x04, 0x08, 0x02, 0x02, 0x03, 0x12, 0x03, 0x52, 0x1c, 0x1d, 0x0a, 0x0c, 0x0a, 0x05,
    0x04, 0x08, 0x02, 0x03, 0x05, 0x12, 0x03, 0x53, 0x02, 0x08, 0x0a, 0x3a, 0x0a, 0x04, 0x04, 0x08,
    0x02, 0x03, 0x12, 0x03, 0x53, 0x02, 0x1e, 0x22, 0x2d, 0x20, 0x6f, 0x70, 0x74, 0x69, 0x6f, 0x6e,
    0x61, 0x6c, 0x20, 0xe2, 0x80, 0x94, 0x20, 0x73, 0x70, 0x65, 0x63, 0x69, 0x66, 0x69, 0x63, 0x20,
    0x63, 0x6f, 0x6d, 0x6d, 0x69, 0x74, 0x20, 0x74, 0x6f, 0x20, 0x62, 0x72, 0x61, 0x6e, 0x63, 0x68,
    0x20, 0x66, 0x72, 0x6f, 0x6d, 0x0d, 0x0a, 0x0c, 0x0a, 0x05, 0x04, 0x08, 0x02, 0x03, 0x01, 0x12,
    0x03, 0x53, 0x09, 0x19, 0x0a, 0x0c, 0x0a, 0x05, 0x04, 0x08, 0x02, 0x03, 0x03, 0x12, 0x03, 0x53,
    0x1c, 0x1d, 0x0a, 0x0a, 0x0a, 0x02, 0x04, 0x09, 0x12, 0x04, 0x56, 0x00, 0x59, 0x01, 0x0a, 0x0a,
    0x0a, 0x03, 0x04, 0x09, 0x01, 0x12, 0x03, 0x56, 0x08, 0x1c, 0x0a, 0x0c, 0x0a, 0x05, 0x04, 0x09,
    0x02, 0x00, 0x06, 0x12, 0x03, 0x57, 0x02, 0x08, 0x0a, 0x0b, 0x0a, 0x04, 0x04, 0x09, 0x02, 0x00,
    0x12, 0x03, 0x57, 0x02, 0x14, 0x0a, 0x0c, 0x0a, 0x05, 0x04, 0x09, 0x02, 0x00, 0x01, 0x12, 0x03,
    0x57, 0x09, 0x0f, 0x0a, 0x0c, 0x0a, 0x05, 0x04, 0x09, 0x02, 0x00, 0x03, 0x12, 0x03, 0x57, 0x12,
    0x13, 0x0a, 0x0c, 0x0a, 0x05, 0x04, 0x09, 0x02, 0x01, 0x06, 0x12, 0x03, 0x58, 0x02, 0x1c, 0x0a,
    0x0b, 0x0a, 0x04, 0x04, 0x09, 0x02, 0x01, 0x12, 0x03, 0x58, 0x02, 0x27, 0x0a, 0x0c, 0x0a, 0x05,
    0x04, 0x09, 0x02, 0x01, 0x01, 0x12, 0x03, 0x58, 0x1d, 0x22, 0x0a, 0x0c, 0x0a, 0x05, 0x04, 0x09,
    0x02, 0x01, 0x03, 0x12, 0x03, 0x58, 0x25, 0x26, 0x0a, 0x0a, 0x0a, 0x02, 0x04, 0x0a, 0x12, 0x04,
    0x5b, 0x00, 0x5e, 0x01, 0x0a, 0x0a, 0x0a, 0x03, 0x04, 0x0a, 0x01, 0x12, 0x03, 0x5b, 0x08, 0x18,
    0x0a, 0x0c, 0x0a, 0x05, 0x04, 0x0a, 0x02, 0x00, 0x05, 0x12, 0x03, 0x5c, 0x02, 0x08, 0x0a, 0x0b,
    0x0a, 0x04, 0x04, 0x0a, 0x02, 0x00, 0x12, 0x03, 0x5c, 0x02, 0x19, 0x0a, 0x0c, 0x0a, 0x05, 0x04,
    0x0a, 0x02, 0x00, 0x01, 0x12, 0x03, 0x5c, 0x09, 0x14, 0x0a, 0x0c, 0x0a, 0x05, 0x04, 0x0a, 0x02,
    0x00, 0x03, 0x12, 0x03, 0x5c, 0x17, 0x18, 0x0a, 0x0c, 0x0a, 0x05, 0x04, 0x0a, 0x02, 0x01, 0x05,
    0x12, 0x03, 0x5d, 0x02, 0x08, 0x0a, 0x0b, 0x0a, 0x04, 0x04, 0x0a, 0x02, 0x01, 0x12, 0x03, 0x5d,
    0x02, 0x17, 0x0a, 0x0c, 0x0a, 0x05, 0x04, 0x0a, 0x02, 0x01, 0x01, 0x12, 0x03, 0x5d, 0x09, 0x12,
    0x0a, 0x0c, 0x0a, 0x05, 0x04, 0x0a, 0x02, 0x01, 0x03, 0x12, 0x03, 0x5d, 0x15, 0x16, 0x0a, 0x0a,
    0x0a, 0x02, 0x04, 0x0b, 0x12, 0x04, 0x60, 0x00, 0x63, 0x01, 0x0a, 0x0a, 0x0a, 0x03, 0x04, 0x0b,
    0x01, 0x12, 0x03, 0x60, 0x08, 0x19, 0x0a, 0x0c, 0x0a, 0x05, 0x04, 0x0b, 0x02, 0x00, 0x06, 0x12,
    0x03, 0x61, 0x02, 0x08, 0x0a, 0x0b, 0x0a, 0x04, 0x04, 0x0b, 0x02, 0x00, 0x12, 0x03, 0x61, 0x02,
    0x14, 0x0a, 0x0c, 0x0a, 0x05, 0x04, 0x0b, 0x02, 0x00, 0x01, 0x12, 0x03, 0x61, 0x09, 0x0f, 0x0a,
    0x0c, 0x0a, 0x05, 0x04, 0x0b, 0x02, 0x00, 0x03, 0x12, 0x03, 0x61, 0x12, 0x13, 0x0a, 0x0c, 0x0a,
    0x05, 0x04, 0x0b, 0x02, 0x01, 0x06, 0x12, 0x03, 0x62, 0x02, 0x1c, 0x0a, 0x0b, 0x0a, 0x04, 0x04,
    0x0b, 0x02, 0x01, 0x12, 0x03, 0x62, 0x02, 0x27, 0x0a, 0x0c, 0x0a, 0x05, 0x04, 0x0b, 0x02, 0x01,
    0x01, 0x12, 0x03, 0x62, 0x1d, 0x22, 0x0a, 0x0c, 0x0a, 0x05, 0x04, 0x0b, 0x02, 0x01, 0x03, 0x12,
    0x03, 0x62, 0x25, 0x26, 0x0a, 0x0a, 0x0a, 0x02, 0x04, 0x0c, 0x12, 0x04, 0x65, 0x00, 0x68, 0x01,
    0x0a, 0x0a, 0x0a, 0x03, 0x04, 0x0c, 0x01, 0x12, 0x03, 0x65, 0x08, 0x1b, 0x0a, 0x0c, 0x0a, 0x05,
    0x04, 0x0c, 0x02, 0x00, 0x05, 0x12, 0x03, 0x66, 0x02, 0x08, 0x0a, 0x0b, 0x0a, 0x04, 0x04, 0x0c,
    0x02, 0x00, 0x12, 0x03, 0x66, 0x02, 0x19, 0x0a, 0x0c, 0x0a, 0x05, 0x04, 0x0c, 0x02, 0x00, 0x01,
    0x12, 0x03, 0x66, 0x09, 0x14, 0x0a, 0x0c, 0x0a, 0x05, 0x04, 0x0c, 0x02, 0x00, 0x03, 0x12, 0x03,
    0x66, 0x17, 0x18, 0x0a, 0x0c, 0x0a, 0x05, 0x04, 0x0c, 0x02, 0x01, 0x06, 0x12, 0x03, 0x67, 0x02,
    0x22, 0x0a, 0x0b, 0x0a, 0x04, 0x04, 0x0c, 0x02, 0x01, 0x12, 0x03, 0x67, 0x02, 0x32, 0x0a, 0x0c,
    0x0a, 0x05, 0x04, 0x0c, 0x02, 0x01, 0x01, 0x12, 0x03, 0x67, 0x23, 0x2d, 0x0a, 0x0c, 0x0a, 0x05,
    0x04, 0x0c, 0x02, 0x01, 0x03, 0x12, 0x03, 0x67, 0x30, 0x31, 0x0a, 0x0a, 0x0a, 0x02, 0x04, 0x0d,
    0x12, 0x04, 0x6a, 0x00, 0x6e, 0x01, 0x0a, 0x0a, 0x0a, 0x03, 0x04, 0x0d, 0x01, 0x12, 0x03, 0x6a,
    0x08, 0x1c, 0x0a, 0x0c, 0x0a, 0x05, 0x04, 0x0d, 0x02, 0x00, 0x04, 0x12, 0x03, 0x6b, 0x02, 0x0a,
    0x0a, 0x0b, 0x0a, 0x04, 0x04, 0x0d, 0x02, 0x00, 0x12, 0x03, 0x6b, 0x02, 0x1f, 0x0a, 0x0c, 0x0a,
    0x05, 0x04, 0x0d, 0x02, 0x00, 0x06, 0x12, 0x03, 0x6b, 0x0b, 0x11, 0x0a, 0x0c, 0x0a, 0x05, 0x04,
    0x0d, 0x02, 0x00, 0x01, 0x12, 0x03, 0x6b, 0x12, 0x1a, 0x0a, 0x0c, 0x0a, 0x05, 0x04, 0x0d, 0x02,
    0x00, 0x03, 0x12, 0x03, 0x6b, 0x1d, 0x1e, 0x0a, 0x0c, 0x0a, 0x05, 0x04, 0x0d, 0x02, 0x01, 0x06,
    0x12, 0x03, 0x6c, 0x02, 0x23, 0x0a, 0x0b, 0x0a, 0x04, 0x04, 0x0d, 0x02, 0x01, 0x12, 0x03, 0x6c,
    0x02, 0x33, 0x0a, 0x0c, 0x0a, 0x05, 0x04, 0x0d, 0x02, 0x01, 0x01, 0x12, 0x03, 0x6c, 0x24, 0x2e,
    0x0a, 0x0c, 0x0a, 0x05, 0x04, 0x0d, 0x02, 0x01, 0x03, 0x12, 0x03, 0x6c, 0x31, 0x32, 0x0a, 0x0c,
    0x0a, 0x05, 0x04, 0x0d, 0x02, 0x02, 0x06, 0x12, 0x03, 0x6d, 0x02, 0x1c, 0x0a, 0x0b, 0x0a, 0x04,
    0x04, 0x0d, 0x02, 0x02, 0x12, 0x03, 0x6d, 0x02, 0x27, 0x0a, 0x0c, 0x0a, 0x05, 0x04, 0x0d, 0x02,
    0x02, 0x01, 0x12, 0x03, 0x6d, 0x1d, 0x22, 0x0a, 0x0c, 0x0a, 0x05, 0x04, 0x0d, 0x02, 0x02, 0x03,
    0x12, 0x03, 0x6d, 0x25, 0x26, 0x0a, 0x0a, 0x0a, 0x02, 0x04, 0x0e, 0x12, 0x04, 0x70, 0x00, 0x73,
    0x01, 0x0a, 0x0a, 0x0a, 0x03, 0x04, 0x0e, 0x01, 0x12, 0x03, 0x70, 0x08, 0x1b, 0x0a, 0x0c, 0x0a,
    0x05, 0x04, 0x0e, 0x02, 0x00, 0x05, 0x12, 0x03, 0x71, 0x02, 0x08, 0x0a, 0x0b, 0x0a, 0x04, 0x04,
    0x0e, 0x02, 0x00, 0x12, 0x03, 0x71, 0x02, 0x19, 0x0a, 0x0c, 0x0a, 0x05, 0x04, 0x0e, 0x02, 0x00,
    0x01, 0x12, 0x03, 0x71, 0x09, 0x14, 0x0a, 0x0c, 0x0a, 0x05, 0x04, 0x0e, 0x02, 0x00, 0x03, 0x12,
    0x03, 0x71, 0x17, 0x18, 0x0a, 0x0c, 0x0a, 0x05, 0x04, 0x0e, 0x02, 0x01, 0x05, 0x12, 0x03, 0x72,
    0x02, 0x08, 0x0a, 0x0b, 0x0a, 0x04, 0x04, 0x0e, 0x02, 0x01, 0x12, 0x03, 0x72, 0x02, 0x17, 0x0a,
    0x0c, 0x0a, 0x05, 0x04, 0x0e, 0x02, 0x01, 0x01, 0x12, 0x03, 0x72, 0x09, 0x12, 0x0a, 0x0c, 0x0a,
    0x05, 0x04, 0x0e, 0x02, 0x01, 0x03, 0x12, 0x03, 0x72, 0x15, 0x16, 0x0a, 0x0a, 0x0a, 0x02, 0x04,
    0x0f, 0x12, 0x04, 0x75, 0x00, 0x78, 0x01, 0x0a, 0x0a, 0x0a, 0x03, 0x04, 0x0f, 0x01, 0x12, 0x03,
    0x75, 0x08, 0x1c, 0x0a, 0x0c, 0x0a, 0x05, 0x04, 0x0f, 0x02, 0x00, 0x05, 0x12, 0x03, 0x76, 0x02,
    0x06, 0x0a, 0x0b, 0x0a, 0x04, 0x04, 0x0f, 0x02, 0x00, 0x12, 0x03, 0x76, 0x02, 0x13, 0x0a, 0x0c,
    0x0a, 0x05, 0x04, 0x0f, 0x02, 0x00, 0x01, 0x12, 0x03, 0x76, 0x07, 0x0e, 0x0a, 0x0c, 0x0a, 0x05,
    0x04, 0x0f, 0x02, 0x00, 0x03, 0x12, 0x03, 0x76, 0x11, 0x12, 0x0a, 0x0c, 0x0a, 0x05, 0x04, 0x0f,
    0x02, 0x01, 0x06, 0x12, 0x03, 0x77, 0x02, 0x1c, 0x0a, 0x0b, 0x0a, 0x04, 0x04, 0x0f, 0x02, 0x01,
    0x12, 0x03, 0x77, 0x02, 0x27, 0x0a, 0x0c, 0x0a, 0x05, 0x04, 0x0f, 0x02, 0x01, 0x01, 0x12, 0x03,
    0x77, 0x1d, 0x22, 0x0a, 0x0c, 0x0a, 0x05, 0x04, 0x0f, 0x02, 0x01, 0x03, 0x12, 0x03, 0x77, 0x25,
    0x26, 0x0a, 0x0a, 0x0a, 0x02, 0x04, 0x10, 0x12, 0x04, 0x7a, 0x00, 0x7d, 0x01, 0x0a, 0x0a, 0x0a,
    0x03, 0x04, 0x10, 0x01, 0x12, 0x03, 0x7a, 0x08, 0x1b, 0x0a, 0x0c, 0x0a, 0x05, 0x04, 0x10, 0x02,
    0x00, 0x05, 0x12, 0x03, 0x7b, 0x02, 0x08, 0x0a, 0x0b, 0x0a, 0x04, 0x04, 0x10, 0x02, 0x00, 0x12,
    0x03, 0x7b, 0x02, 0x19, 0x0a, 0x0c, 0x0a, 0x05, 0x04, 0x10, 0x02, 0x00, 0x01, 0x12, 0x03, 0x7b,
    0x09, 0x14, 0x0a, 0x0c, 0x0a, 0x05, 0x04, 0x10, 0x02, 0x00, 0x03, 0x12, 0x03, 0x7b, 0x17, 0x18,
    0x0a, 0x0c, 0x0a, 0x05, 0x04, 0x10, 0x02, 0x01, 0x05, 0x12, 0x03, 0x7c, 0x02, 0x08, 0x0a, 0x0b,
    0x0a, 0x04, 0x04, 0x10, 0x02, 0x01, 0x12, 0x03, 0x7c, 0x02, 0x17, 0x0a, 0x0c, 0x0a, 0x05, 0x04,
    0x10, 0x02, 0x01, 0x01, 0x12, 0x03, 0x7c, 0x09, 0x12, 0x0a, 0x0c, 0x0a, 0x05, 0x04, 0x10, 0x02,
    0x01, 0x03, 0x12, 0x03, 0x7c, 0x15, 0x16, 0x0a, 0x0b, 0x0a, 0x02, 0x04, 0x11, 0x12, 0x05, 0x7f,
    0x00, 0x83, 0x01, 0x01, 0x0a, 0x0a, 0x0a, 0x03, 0x04, 0x11, 0x01, 0x12, 0x03, 0x7f, 0x08, 0x1c,
    0x0a, 0x0d, 0x0a, 0x05, 0x04, 0x11, 0x02, 0x00, 0x05, 0x12, 0x04, 0x80, 0x01, 0x02, 0x06, 0x0a,
    0x0c, 0x0a, 0x04, 0x04, 0x11, 0x02, 0x00, 0x12, 0x04, 0x80, 0x01, 0x02, 0x13, 0x0a, 0x0d, 0x0a,
    0x05, 0x04, 0x11, 0x02, 0x00, 0x01, 0x12, 0x04, 0x80, 0x01, 0x07, 0x0e, 0x0a, 0x0d, 0x0a, 0x05,
    0x04, 0x11, 0x02, 0x00, 0x03, 0x12, 0x04, 0x80, 0x01, 0x11, 0x12, 0x0a, 0x0d, 0x0a, 0x05, 0x04,
    0x11, 0x02, 0x01, 0x05, 0x12, 0x04, 0x81, 0x01, 0x02, 0x08, 0x0a, 0x0c, 0x0a, 0x04, 0x04, 0x11,
    0x02, 0x01, 0x12, 0x04, 0x81, 0x01, 0x02, 0x20, 0x0a, 0x0d, 0x0a, 0x05, 0x04, 0x11, 0x02, 0x01,
    0x01, 0x12, 0x04, 0x81, 0x01, 0x09, 0x1b, 0x0a, 0x0d, 0x0a, 0x05, 0x04, 0x11, 0x02, 0x01, 0x03,
    0x12, 0x04, 0x81, 0x01, 0x1e, 0x1f, 0x0a, 0x0d, 0x0a, 0x05, 0x04, 0x11, 0x02, 0x02, 0x06, 0x12,
    0x04, 0x82, 0x01, 0x02, 0x1c, 0x0a, 0x0c, 0x0a, 0x04, 0x04, 0x11, 0x02, 0x02, 0x12, 0x04, 0x82,
    0x01, 0x02, 0x27, 0x0a, 0x0d, 0x0a, 0x05, 0x04, 0x11, 0x02, 0x02, 0x01, 0x12, 0x04, 0x82, 0x01,
    0x1d, 0x22, 0x0a, 0x0d, 0x0a, 0x05, 0x04, 0x11, 0x02, 0x02, 0x03, 0x12, 0x04, 0x82, 0x01, 0x25,
    0x26, 0x0a, 0xc1, 0x01, 0x0a, 0x02, 0x04, 0x12, 0x12, 0x06, 0x89, 0x01, 0x00, 0x95, 0x01, 0x01,
    0x32, 0xb2, 0x01, 0x20, 0x3d, 0x3d, 0x3d, 0x3d, 0x3d, 0x3d, 0x3d, 0x3d, 0x3d, 0x3d, 0x3d, 0x3d,
    0x3d, 0x3d, 0x3d, 0x3d, 0x3d, 0x3d, 0x3d, 0x3d, 0x3d, 0x3d, 0x3d, 0x3d, 0x3d, 0x3d, 0x3d, 0x3d,
    0x3d, 0x3d, 0x3d, 0x3d, 0x3d, 0x3d, 0x3d, 0x3d, 0x3d, 0x3d, 0x3d, 0x3d, 0x3d, 0x3d, 0x3d, 0x3d,
    0x3d, 0x3d, 0x3d, 0x3d, 0x3d, 0x3d, 0x3d, 0x3d, 0x3d, 0x3d, 0x3d, 0x3d, 0x3d, 0x3d, 0x3d, 0x3d,
    0x3d, 0x3d, 0x3d, 0x3d, 0x3d, 0x3d, 0x3d, 0x3d, 0x3d, 0x3d, 0x3d, 0x3d, 0x3d, 0x3d, 0x3d, 0x3d,
    0x3d, 0x0d, 0x0a, 0x20, 0x44, 0x69, 0x66, 0x66, 0x20, 0x4f, 0x70, 0x65, 0x72, 0x61, 0x74, 0x69,
    0x6f, 0x6e, 0x73, 0x0d, 0x0a, 0x20, 0x3d, 0x3d, 0x3d, 0x3d, 0x3d, 0x3d, 0x3d, 0x3d, 0x3d, 0x3d,
    0x3d, 0x3d, 0x3d, 0x3d, 0x3d, 0x3d, 0x3d, 0x3d, 0x3d, 0x3d, 0x3d, 0x3d, 0x3d, 0x3d, 0x3d, 0x3d,
    0x3d, 0x3d, 0x3d, 0x3d, 0x3d, 0x3d, 0x3d, 0x3d, 0x3d, 0x3d, 0x3d, 0x3d, 0x3d, 0x3d, 0x3d, 0x3d,
    0x3d, 0x3d, 0x3d, 0x3d, 0x3d, 0x3d, 0x3d, 0x3d, 0x3d, 0x3d, 0x3d, 0x3d, 0x3d, 0x3d, 0x3d, 0x3d,
    0x3d, 0x3d, 0x3d, 0x3d, 0x3d, 0x3d, 0x3d, 0x3d, 0x3d, 0x3d, 0x3d, 0x3d, 0x3d, 0x3d, 0x3d, 0x3d,
    0x3d, 0x3d, 0x3d, 0x0d, 0x0a, 0x0a, 0x0b, 0x0a, 0x03, 0x04, 0x12, 0x01, 0x12, 0x04, 0x89, 0x01,
    0x08, 0x11, 0x0a, 0x0e, 0x0a, 0x04, 0x04, 0x12, 0x04, 0x00, 0x12, 0x06, 0x8a, 0x01, 0x02, 0x8f,
    0x01, 0x03, 0x0a, 0x0d, 0x0a, 0x05, 0x04, 0x12, 0x04, 0x00, 0x01, 0x12, 0x04, 0x8a, 0x01, 0x07,
    0x11, 0x0a, 0x0f, 0x0a, 0x07, 0x04, 0x12, 0x04, 0x00, 0x02, 0x00, 0x01, 0x12, 0x04, 0x8b, 0x01,
    0x04, 0x1b, 0x0a, 0x0e, 0x0a, 0x06, 0x04, 0x12, 0x04, 0x00, 0x02, 0x00, 0x12, 0x04, 0x8b, 0x01,
    0x04, 0x20, 0x0a, 0x0f, 0x0a, 0x07, 0x04, 0x12, 0x04, 0x00, 0x02, 0x00, 0x02, 0x12, 0x04, 0x8b,
    0x01, 0x1e, 0x1f, 0x0a, 0x0f, 0x0a, 0x07, 0x04, 0x12, 0x04, 0x00, 0x02, 0x01, 0x01, 0x12, 0x04,
    0x8c, 0x01, 0x04, 0x15, 0x0a, 0x0e, 0x0a, 0x06, 0x04, 0x12, 0x04, 0x00, 0x02, 0x01, 0x12, 0x04,
    0x8c, 0x01, 0x04, 0x1a, 0x0a, 0x0f, 0x0a, 0x07, 0x04, 0x12, 0x04, 0x00, 0x02, 0x01, 0x02, 0x12,
    0x04, 0x8c, 0x01, 0x18, 0x19, 0x0a, 0x0f, 0x0a, 0x07, 0x04, 0x12, 0x04, 0x00, 0x02, 0x02, 0x01,
    0x12, 0x04, 0x8d, 0x01, 0x04, 0x18, 0x0a, 0x0e, 0x0a, 0x06, 0x04, 0x12, 0x04, 0x00, 0x02, 0x02,
    0x12, 0x04, 0x8d, 0x01, 0x04, 0x1d, 0x0a, 0x0f, 0x0a, 0x07, 0x04, 0x12, 0x04, 0x00, 0x02, 0x02,
    0x02, 0x12, 0x04, 0x8d, 0x01, 0x1b, 0x1c, 0x0a, 0x0f, 0x0a, 0x07, 0x04, 0x12, 0x04, 0x00, 0x02,
    0x03, 0x01, 0x12, 0x04, 0x8e, 0x01, 0x04, 0x17, 0x0a, 0x0e, 0x0a, 0x06, 0x04, 0x12, 0x04, 0x00,
    0x02, 0x03, 0x12, 0x04, 0x8e, 0x01, 0x04, 0x1c, 0x0a, 0x0f, 0x0a, 0x07, 0x04, 0x12, 0x04, 0x00,
    0x02, 0x03, 0x02, 0x12, 0x04, 0x8e, 0x01, 0x1a, 0x1b, 0x0a, 0x0d, 0x0a, 0x05, 0x04, 0x12, 0x02,
    0x00, 0x06, 0x12, 0x04, 0x90, 0x01, 0x02, 0x0c, 0x0a, 0x0c, 0x0a, 0x04, 0x04, 0x12, 0x02, 0x00,
    0x12, 0x04, 0x90, 0x01, 0x02, 0x1d, 0x0a, 0x0d, 0x0a, 0x05, 0x04, 0x12, 0x02, 0x00, 0x01, 0x12,
    0x04, 0x90, 0x01, 0x0d, 0x18, 0x0a, 0x0d, 0x0a, 0x05, 0x04, 0x12, 0x02, 0x00, 0x03, 0x12, 0x04,
    0x90, 0x01, 0x1b, 0x1c, 0x0a, 0x0d, 0x0a, 0x05, 0x04, 0x12, 0x02, 0x01, 0x05, 0x12, 0x04, 0x91,
    0x01, 0x02, 0x08, 0x0a, 0x0c, 0x0a, 0x04, 0x04, 0x12, 0x02, 0x01, 0x12, 0x04, 0x91, 0x01, 0x02,
    0x17, 0x0a, 0x0d, 0x0a, 0x05, 0x04, 0x12, 0x02, 0x01, 0x01, 0x12, 0x04, 0x91, 0x01, 0x09, 0x12,
    0x0a, 0x0d, 0x0a, 0x05, 0x04, 0x12, 0x02, 0x01, 0x03, 0x12, 0x04, 0x91, 0x01, 0x15, 0x16, 0x0a,
    0x0d, 0x0a, 0x05, 0x04, 0x12, 0x02, 0x02, 0x05, 0x12, 0x04, 0x92, 0x01, 0x02, 0x08, 0x0a, 0x31,
    0x0a, 0x04, 0x04, 0x12, 0x02, 0x02, 0x12, 0x04, 0x92, 0x01, 0x02, 0x19, 0x22, 0x23, 0x20, 0x22,
    0x63, 0x6c, 0x61, 0x73, 0x73, 0x22, 0x2c, 0x20, 0x22, 0x70, 0x72, 0x6f, 0x70, 0x65, 0x72, 0x74,
    0x79, 0x22, 0x2c, 0x20, 0x22, 0x69, 0x6e, 0x64, 0x69, 0x76, 0x69, 0x64, 0x75, 0x61, 0x6c, 0x22,
    0x0d, 0x0a, 0x0d, 0x0a, 0x05, 0x04, 0x12, 0x02, 0x02, 0x01, 0x12, 0x04, 0x92, 0x01, 0x09, 0x14,
    0x0a, 0x0d, 0x0a, 0x05, 0x04, 0x12, 0x02, 0x02, 0x03, 0x12, 0x04, 0x92, 0x01, 0x17, 0x18, 0x0a,
    0x0d, 0x0a, 0x05, 0x04, 0x12, 0x02, 0x03, 0x05, 0x12, 0x04, 0x93, 0x01, 0x02, 0x08, 0x0a, 0x2b,
    0x0a, 0x04, 0x04, 0x12, 0x02, 0x03, 0x12, 0x04, 0x93, 0x01, 0x02, 0x19, 0x22, 0x1d, 0x20, 0x4a,
    0x53, 0x4f, 0x4e, 0x20, 0x73, 0x6e, 0x61, 0x70, 0x73, 0x68, 0x6f, 0x74, 0x20, 0x62, 0x65, 0x66,
    0x6f, 0x72, 0x65, 0x20, 0x63, 0x68, 0x61, 0x6e, 0x67, 0x65, 0x0d, 0x0a, 0x0d, 0x0a, 0x05, 0x04,
    0x12, 0x02, 0x03, 0x01, 0x12, 0x04, 0x93, 0x01, 0x09, 0x14, 0x0a, 0x0d, 0x0a, 0x05, 0x04, 0x12,
    0x02, 0x03, 0x03, 0x12, 0x04, 0x93, 0x01, 0x17, 0x18, 0x0a, 0x0d, 0x0a, 0x05, 0x04, 0x12, 0x02,
    0x04, 0x05, 0x12, 0x04, 0x94, 0x01, 0x02, 0x08, 0x0a, 0x2a, 0x0a, 0x04, 0x04, 0x12, 0x02, 0x04,
    0x12, 0x04, 0x94, 0x01, 0x02, 0x18, 0x22, 0x1c, 0x20, 0x4a, 0x53, 0x4f, 0x4e, 0x20, 0x73, 0x6e,
    0x61, 0x70, 0x73, 0x68, 0x6f, 0x74, 0x20, 0x61, 0x66, 0x74, 0x65, 0x72, 0x20, 0x63, 0x68, 0x61,
    0x6e, 0x67, 0x65, 0x0d, 0x0a, 0x0d, 0x0a, 0x05, 0x04, 0x12, 0x02, 0x04, 0x01, 0x12, 0x04, 0x94,
    0x01, 0x09, 0x13, 0x0a, 0x0d, 0x0a, 0x05, 0x04, 0x12, 0x02, 0x04, 0x03, 0x12, 0x04, 0x94, 0x01,
    0x16, 0x17, 0x0a, 0x0c, 0x0a, 0x02, 0x04, 0x13, 0x12, 0x06, 0x97, 0x01, 0x00, 0x9b, 0x01, 0x01,
    0x0a, 0x0b, 0x0a, 0x03, 0x04, 0x13, 0x01, 0x12, 0x04, 0x97, 0x01, 0x08, 0x16, 0x0a, 0x0d, 0x0a,
    0x05, 0x04, 0x13, 0x02, 0x00, 0x05, 0x12, 0x04, 0x98, 0x01, 0x02, 0x08, 0x0a, 0x0c, 0x0a, 0x04,
    0x04, 0x13, 0x02, 0x00, 0x12, 0x04, 0x98, 0x01, 0x02, 0x19, 0x0a, 0x0d, 0x0a, 0x05, 0x04, 0x13,
    0x02, 0x00, 0x01, 0x12, 0x04, 0x98, 0x01, 0x09, 0x14, 0x0a, 0x0d, 0x0a, 0x05, 0x04, 0x13, 0x02,
    0x00, 0x03, 0x12, 0x04, 0x98, 0x01, 0x17, 0x18, 0x0a, 0x0d, 0x0a, 0x05, 0x04, 0x13, 0x02, 0x01,
    0x05, 0x12, 0x04, 0x99, 0x01, 0x02, 0x08, 0x0a, 0x0c, 0x0a, 0x04, 0x04, 0x13, 0x02, 0x01, 0x12,
    0x04, 0x99, 0x01, 0x02, 0x1c, 0x0a, 0x0d, 0x0a, 0x05, 0x04, 0x13, 0x02, 0x01, 0x01, 0x12, 0x04,
    0x99, 0x01, 0x09, 0x17, 0x0a, 0x0d, 0x0a, 0x05, 0x04, 0x13, 0x02, 0x01, 0x03, 0x12, 0x04, 0x99,
    0x01, 0x1a, 0x1b, 0x0a, 0x0d, 0x0a, 0x05, 0x04, 0x13, 0x02, 0x02, 0x05, 0x12, 0x04, 0x9a, 0x01,
    0x02, 0x08, 0x0a, 0x0c, 0x0a, 0x04, 0x04, 0x13, 0x02, 0x02, 0x12, 0x04, 0x9a, 0x01, 0x02, 0x1e,
    0x0a, 0x0d, 0x0a, 0x05, 0x04, 0x13, 0x02, 0x02, 0x01, 0x12, 0x04, 0x9a, 0x01, 0x09, 0x19, 0x0a,
    0x0d, 0x0a, 0x05, 0x04, 0x13, 0x02, 0x02, 0x03, 0x12, 0x04, 0x9a, 0x01, 0x1c, 0x1d, 0x0a, 0x0c,
    0x0a, 0x02, 0x04, 0x14, 0x12, 0x06, 0x9d, 0x01, 0x00, 0xa1, 0x01, 0x01, 0x0a, 0x0b, 0x0a, 0x03,
    0x04, 0x14, 0x01, 0x12, 0x04, 0x9d, 0x01, 0x08, 0x17, 0x0a, 0x0d, 0x0a, 0x05, 0x04, 0x14, 0x02,
    0x00, 0x04, 0x12, 0x04, 0x9e, 0x01, 0x02, 0x0a, 0x0a, 0x0c, 0x0a, 0x04, 0x04, 0x14, 0x02, 0x00,
    0x12, 0x04, 0x9e, 0x01, 0x02, 0x21, 0x0a, 0x0d, 0x0a, 0x05, 0x04, 0x14, 0x02, 0x00, 0x06, 0x12,
    0x04, 0x9e, 0x01, 0x0b, 0x14, 0x0a, 0x0d, 0x0a, 0x05, 0x04, 0x14, 0x02, 0x00, 0x01, 0x12, 0x04,
    0x9e, 0x01, 0x15, 0x1c, 0x0a, 0x0d, 0x0a, 0x05, 0x04, 0x14, 0x02, 0x00, 0x03, 0x12, 0x04, 0x9e,
    0x01, 0x1f, 0x20, 0x0a, 0x0d, 0x0a, 0x05, 0x04, 0x14, 0x02, 0x01, 0x05, 0x12, 0x04, 0x9f, 0x01,
    0x02, 0x07, 0x0a, 0x0c, 0x0a, 0x04, 0x04, 0x14, 0x02, 0x01, 0x12, 0x04, 0x9f, 0x01, 0x02, 0x1a,
    0x0a, 0x0d, 0x0a, 0x05, 0x04, 0x14, 0x02, 0x01, 0x01, 0x12, 0x04, 0x9f, 0x01, 0x08, 0x15, 0x0a,
    0x0d, 0x0a, 0x05, 0x04, 0x14, 0x02, 0x01, 0x03, 0x12, 0x04, 0x9f, 0x01, 0x18, 0x19, 0x0a, 0x0d,
    0x0a, 0x05, 0x04, 0x14, 0x02, 0x02, 0x06, 0x12, 0x04, 0xa0, 0x01, 0x02, 0x1c, 0x0a, 0x0c, 0x0a,
    0x04, 0x04, 0x14, 0x02, 0x02, 0x12, 0x04, 0xa0, 0x01, 0x02, 0x27, 0x0a, 0x0d, 0x0a, 0x05, 0x04,
    0x14, 0x02, 0x02, 0x01, 0x12, 0x04, 0xa0, 0x01, 0x1d, 0x22, 0x0a, 0x0d, 0x0a, 0x05, 0x04, 0x14,
    0x02, 0x02, 0x03, 0x12, 0x04, 0xa0, 0x01, 0x25, 0x26, 0x0a, 0x0c, 0x0a, 0x02, 0x04, 0x15, 0x12,
    0x06, 0xa3, 0x01, 0x00, 0xa6, 0x01, 0x01, 0x0a, 0x0b, 0x0a, 0x03, 0x04, 0x15, 0x01, 0x12, 0x04,
    0xa3, 0x01, 0x08, 0x1d, 0x0a, 0x0d, 0x0a, 0x05, 0x04, 0x15, 0x02, 0x00, 0x05, 0x12, 0x04, 0xa4,
    0x01, 0x02, 0x08, 0x0a, 0x0c, 0x0a, 0x04, 0x04, 0x15, 0x02, 0x00, 0x12, 0x04, 0xa4, 0x01, 0x02,
    0x19, 0x0a, 0x0d, 0x0a, 0x05, 0x04, 0x15, 0x02, 0x00, 0x01, 0x12, 0x04, 0xa4, 0x01, 0x09, 0x14,
    0x0a, 0x0d, 0x0a, 0x05, 0x04, 0x15, 0x02, 0x00, 0x03, 0x12, 0x04, 0xa4, 0x01, 0x17, 0x18, 0x0a,
    0x0d, 0x0a, 0x05, 0x04, 0x15, 0x02, 0x01, 0x05, 0x12, 0x04, 0xa5, 0x01, 0x02, 0x08, 0x0a, 0x0c,
    0x0a, 0x04, 0x04, 0x15, 0x02, 0x01, 0x12, 0x04, 0xa5, 0x01, 0x02, 0x17, 0x0a, 0x0d, 0x0a, 0x05,
    0x04, 0x15, 0x02, 0x01, 0x01, 0x12, 0x04, 0xa5, 0x01, 0x09, 0x12, 0x0a, 0x0d, 0x0a, 0x05, 0x04,
    0x15, 0x02, 0x01, 0x03, 0x12, 0x04, 0xa5, 0x01, 0x15, 0x16, 0x0a, 0x0c, 0x0a, 0x02, 0x04, 0x16,
    0x12, 0x06, 0xa8, 0x01, 0x00, 0xac, 0x01, 0x01, 0x0a, 0x0b, 0x0a, 0x03, 0x04, 0x16, 0x01, 0x12,
    0x04, 0xa8, 0x01, 0x08, 0x1e, 0x0a, 0x0d, 0x0a, 0x05, 0x04, 0x16, 0x02, 0x00, 0x04, 0x12, 0x04,
    0xa9, 0x01, 0x02, 0x0a, 0x0a, 0x0c, 0x0a, 0x04, 0x04, 0x16, 0x02, 0x00, 0x12, 0x04, 0xa9, 0x01,
    0x02, 0x21, 0x0a, 0x0d, 0x0a, 0x05, 0x04, 0x16, 0x02, 0x00, 0x06, 0x12, 0x04, 0xa9, 0x01, 0x0b,
    0x14, 0x0a, 0x0d, 0x0a, 0x05, 0x04, 0x16, 0x02, 0x00, 0x01, 0x12, 0x04, 0xa9, 0x01, 0x15, 0x1c,
    0x0a, 0x0d, 0x0a, 0x05, 0x04, 0x16, 0x02, 0x00, 0x03, 0x12, 0x04, 0xa9, 0x01, 0x1f, 0x20, 0x0a,
    0x0d, 0x0a, 0x05, 0x04, 0x16, 0x02, 0x01, 0x05, 0x12, 0x04, 0xaa, 0x01, 0x02, 0x08, 0x0a, 0x0c,
    0x0a, 0x04, 0x04, 0x16, 0x02, 0x01, 0x12, 0x04, 0xaa, 0x01, 0x02, 0x17, 0x0a, 0x0d, 0x0a, 0x05,
    0x04, 0x16, 0x02, 0x01, 0x01, 0x12, 0x04, 0xaa, 0x01, 0x09, 0x12, 0x0a, 0x0d, 0x0a, 0x05, 0x04,
    0x16, 0x02, 0x01, 0x03, 0x12, 0x04, 0xaa, 0x01, 0x15, 0x16, 0x0a, 0x0d, 0x0a, 0x05, 0x04, 0x16,
    0x02, 0x02, 0x06, 0x12, 0x04, 0xab, 0x01, 0x02, 0x1c, 0x0a, 0x0c, 0x0a, 0x04, 0x04, 0x16, 0x02,
    0x02, 0x12, 0x04, 0xab, 0x01, 0x02, 0x27, 0x0a, 0x0d, 0x0a, 0x05, 0x04, 0x16, 0x02, 0x02, 0x01,
    0x12, 0x04, 0xab, 0x01, 0x1d, 0x22, 0x0a, 0x0d, 0x0a, 0x05, 0x04, 0x16, 0x02, 0x02, 0x03, 0x12,
    0x04, 0xab, 0x01, 0x25, 0x26, 0x0a, 0xc2, 0x01, 0x0a, 0x02, 0x04, 0x17, 0x12, 0x06, 0xb2, 0x01,
    0x00, 0xb8, 0x01, 0x01, 0x32, 0xb3, 0x01, 0x20, 0x3d, 0x3d, 0x3d, 0x3d, 0x3d, 0x3d, 0x3d, 0x3d,
    0x3d, 0x3d, 0x3d, 0x3d, 0x3d, 0x3d, 0x3d, 0x3d, 0x3d, 0x3d, 0x3d, 0x3d, 0x3d, 0x3d, 0x3d, 0x3d,
    0x3d, 0x3d, 0x3d, 0x3d, 0x3d, 0x3d, 0x3d, 0x3d, 0x3d, 0x3d, 0x3d, 0x3d, 0x3d, 0x3d, 0x3d, 0x3d,
    0x3d, 0x3d, 0x3d, 0x3d, 0x3d, 0x3d, 0x3d, 0x3d, 0x3d, 0x3d, 0x3d, 0x3d, 0x3d, 0x3d, 0x3d, 0x3d,
    0x3d, 0x3d, 0x3d, 0x3d, 0x3d, 0x3d, 0x3d, 0x3d, 0x3d, 0x3d, 0x3d, 0x3d, 0x3d, 0x3d, 0x3d, 0x3d,
    0x3d, 0x3d, 0x3d, 0x3d, 0x3d, 0x0d, 0x0a, 0x20, 0x4d, 0x65, 0x72, 0x67, 0x65, 0x20, 0x4f, 0x70,
    0x65, 0x72, 0x61, 0x74, 0x69, 0x6f, 0x6e, 0x73, 0x0d, 0x0a, 0x20, 0x3d, 0x3d, 0x3d, 0x3d, 0x3d,
    0x3d, 0x3d, 0x3d, 0x3d, 0x3d, 0x3d, 0x3d, 0x3d, 0x3d, 0x3d, 0x3d, 0x3d, 0x3d, 0x3d, 0x3d, 0x3d,
    0x3d, 0x3d, 0x3d, 0x3d, 0x3d, 0x3d, 0x3d, 0x3d, 0x3d, 0x3d, 0x3d, 0x3d, 0x3d, 0x3d, 0x3d, 0x3d,
    0x3d, 0x3d, 0x3d, 0x3d, 0x3d, 0x3d, 0x3d, 0x3d, 0x3d, 0x3d, 0x3d, 0x3d, 0x3d, 0x3d, 0x3d, 0x3d,
    0x3d, 0x3d, 0x3d, 0x3d, 0x3d, 0x3d, 0x3d, 0x3d, 0x3d, 0x3d, 0x3d, 0x3d, 0x3d, 0x3d, 0x3d, 0x3d,
    0x3d, 0x3d, 0x3d, 0x3d, 0x3d, 0x3d, 0x3d, 0x3d, 0x0d, 0x0a, 0x0a, 0x0b, 0x0a, 0x03, 0x04, 0x17,
    0x01, 0x12, 0x04, 0xb2, 0x01, 0x08, 0x14, 0x0a, 0x0d, 0x0a, 0x05, 0x04, 0x17, 0x02, 0x00, 0x05,
    0x12, 0x04, 0xb3, 0x01, 0x02, 0x08, 0x0a, 0x0c, 0x0a, 0x04, 0x04, 0x17, 0x02, 0x00, 0x12, 0x04,
    0xb3, 0x01, 0x02, 0x19, 0x0a, 0x0d, 0x0a, 0x05, 0x04, 0x17, 0x02, 0x00, 0x01, 0x12, 0x04, 0xb3,
    0x01, 0x09, 0x14, 0x0a, 0x0d, 0x0a, 0x05, 0x04, 0x17, 0x02, 0x00, 0x03, 0x12, 0x04, 0xb3, 0x01,
    0x17, 0x18, 0x0a, 0x0d, 0x0a, 0x05, 0x04, 0x17, 0x02, 0x01, 0x05, 0x12, 0x04, 0xb4, 0x01, 0x02,
    0x08, 0x0a, 0x0c, 0x0a, 0x04, 0x04, 0x17, 0x02, 0x01, 0x12, 0x04, 0xb4, 0x01, 0x02, 0x1e, 0x0a,
    0x0d, 0x0a, 0x05, 0x04, 0x17, 0x02, 0x01, 0x01, 0x12, 0x04, 0xb4, 0x01, 0x09, 0x19, 0x0a, 0x0d,
    0x0a, 0x05, 0x04, 0x17, 0x02, 0x01, 0x03, 0x12, 0x04, 0xb4, 0x01, 0x1c, 0x1d, 0x0a, 0x0d, 0x0a,
    0x05, 0x04, 0x17, 0x02, 0x02, 0x05, 0x12, 0x04, 0xb5, 0x01, 0x02, 0x08, 0x0a, 0x0c, 0x0a, 0x04,
    0x04, 0x17, 0x02, 0x02, 0x12, 0x04, 0xb5, 0x01, 0x02, 0x1e, 0x0a, 0x0d, 0x0a, 0x05, 0x04, 0x17,
    0x02, 0x02, 0x01, 0x12, 0x04, 0xb5, 0x01, 0x09, 0x19, 0x0a, 0x0d, 0x0a, 0x05, 0x04, 0x17, 0x02,
    0x02, 0x03, 0x12, 0x04, 0xb5, 0x01, 0x1c, 0x1d, 0x0a, 0x0d, 0x0a, 0x05, 0x04, 0x17, 0x02, 0x03,
    0x05, 0x12, 0x04, 0xb6, 0x01, 0x02, 0x08, 0x0a, 0x0c, 0x0a, 0x04, 0x04, 0x17, 0x02, 0x03, 0x12,
    0x04, 0xb6, 0x01, 0x02, 0x1c, 0x0a, 0x0d, 0x0a, 0x05, 0x04, 0x17, 0x02, 0x03, 0x01, 0x12, 0x04,
    0xb6, 0x01, 0x09, 0x17, 0x0a, 0x0d, 0x0a, 0x05, 0x04, 0x17, 0x02, 0x03, 0x03, 0x12, 0x04, 0xb6,
    0x01, 0x1a, 0x1b, 0x0a, 0x0d, 0x0a, 0x05, 0x04, 0x17, 0x02, 0x04, 0x05, 0x12, 0x04, 0xb7, 0x01,
    0x02, 0x08, 0x0a, 0x0c, 0x0a, 0x04, 0x04, 0x17, 0x02, 0x04, 0x12, 0x04, 0xb7, 0x01, 0x02, 0x17,
    0x0a, 0x0d, 0x0a, 0x05, 0x04, 0x17, 0x02, 0x04, 0x01, 0x12, 0x04, 0xb7, 0x01, 0x09, 0x12, 0x0a,
    0x0d, 0x0a, 0x05, 0x04, 0x17, 0x02, 0x04, 0x03, 0x12, 0x04, 0xb7, 0x01, 0x15, 0x16, 0x0a, 0x0c,
    0x0a, 0x02, 0x04, 0x18, 0x12, 0x06, 0xba, 0x01, 0x00, 0xbf, 0x01, 0x01, 0x0a, 0x0b, 0x0a, 0x03,
    0x04, 0x18, 0x01, 0x12, 0x04, 0xba, 0x01, 0x08, 0x15, 0x0a, 0x0d, 0x0a, 0x05, 0x04, 0x18, 0x02,
    0x00, 0x05, 0x12, 0x04, 0xbb, 0x01, 0x02, 0x06, 0x0a, 0x0c, 0x0a, 0x04, 0x04, 0x18, 0x02, 0x00,
    0x12, 0x04, 0xbb, 0x01, 0x02, 0x13, 0x0a, 0x0d, 0x0a, 0x05, 0x04, 0x18, 0x02, 0x00, 0x01, 0x12,
    0x04, 0xbb, 0x01, 0x07, 0x0e, 0x0a, 0x0d, 0x0a, 0x05, 0x04, 0x18, 0x02, 0x00, 0x03, 0x12, 0x04,
    0xbb, 0x01, 0x11, 0x12, 0x0a, 0x0d, 0x0a, 0x05, 0x04, 0x18, 0x02, 0x01, 0x05, 0x12, 0x04, 0xbc,
    0x01, 0x02, 0x08, 0x0a, 0x0c, 0x0a, 0x04, 0x04, 0x18, 0x02, 0x01, 0x12, 0x04, 0xbc, 0x01, 0x02,
    0x1d, 0x0a, 0x0d, 0x0a, 0x05, 0x04, 0x18, 0x02, 0x01, 0x01, 0x12, 0x04, 0xbc, 0x01, 0x09, 0x18,
    0x0a, 0x0d, 0x0a, 0x05, 0x04, 0x18, 0x02, 0x01, 0x03, 0x12, 0x04, 0xbc, 0x01, 0x1b, 0x1c, 0x0a,
    0x0d, 0x0a, 0x05, 0x04, 0x18, 0x02, 0x02, 0x04, 0x12, 0x04, 0xbd, 0x01, 0x02, 0x0a, 0x0a, 0x31,
    0x0a, 0x04, 0x04, 0x18, 0x02, 0x02, 0x12, 0x04, 0xbd, 0x01, 0x02, 0x20, 0x22, 0x23, 0x20, 0x6c,
    0x69, 0x73, 0x74, 0x20, 0x6f, 0x66, 0x20, 0x65, 0x6e, 0x74, 0x69, 0x74, 0x79, 0x20, 0x49, 0x44,
    0x73, 0x20, 0x77, 0x69, 0x74, 0x68, 0x20, 0x63, 0x6f, 0x6e, 0x66, 0x6c, 0x69, 0x63, 0x74, 0x73,
    0x0d, 0x0a, 0x0d, 0x0a, 0x05, 0x04, 0x18, 0x02, 0x02, 0x05, 0x12, 0x04, 0xbd, 0x01, 0x0b, 0x11,
    0x0a, 0x0d, 0x0a, 0x05, 0x04, 0x18, 0x02, 0x02, 0x01, 0x12, 0x04, 0xbd, 0x01, 0x12, 0x1b, 0x0a,
    0x0d, 0x0a, 0x05, 0x04, 0x18, 0x02, 0x02, 0x03, 0x12, 0x04, 0xbd, 0x01, 0x1e, 0x1f, 0x0a, 0x0d,
    0x0a, 0x05, 0x04, 0x18, 0x02, 0x03, 0x06, 0x12, 0x04, 0xbe, 0x01, 0x02, 0x1c, 0x0a, 0x0c, 0x0a,
    0x04, 0x04, 0x18, 0x02, 0x03, 0x12, 0x04, 0xbe, 0x01, 0x02, 0x27, 0x0a, 0x0d, 0x0a, 0x05, 0x04,
    0x18, 0x02, 0x03, 0x01, 0x12, 0x04, 0xbe, 0x01, 0x1d, 0x22, 0x0a, 0x0d, 0x0a, 0x05, 0x04, 0x18,
    0x02, 0x03, 0x03, 0x12, 0x04, 0xbe, 0x01, 0x25, 0x26, 0x0a, 0xc5, 0x01, 0x0a, 0x02, 0x04, 0x19,
    0x12, 0x06, 0xc5, 0x01, 0x00, 0xca, 0x01, 0x01, 0x32, 0xb6, 0x01, 0x20, 0x3d, 0x3d, 0x3d, 0x3d,
    0x3d, 0x3d, 0x3d, 0x3d, 0x3d, 0x3d, 0x3d, 0x3d, 0x3d, 0x3d, 0x3d, 0x3d, 0x3d, 0x3d, 0x3d, 0x3d,
    0x3d, 0x3d, 0x3d, 0x3d, 0x3d, 0x3d, 0x3d, 0x3d, 0x3d, 0x3d, 0x3d, 0x3d, 0x3d, 0x3d, 0x3d, 0x3d,
    0x3d, 0x3d, 0x3d, 0x3d, 0x3d, 0x3d, 0x3d, 0x3d, 0x3d, 0x3d, 0x3d, 0x3d, 0x3d, 0x3d, 0x3d, 0x3d,
    0x3d, 0x3d, 0x3d, 0x3d, 0x3d, 0x3d, 0x3d, 0x3d, 0x3d, 0x3d, 0x3d, 0x3d, 0x3d, 0x3d, 0x3d, 0x3d,
    0x3d, 0x3d, 0x3d, 0x3d, 0x3d, 0x3d, 0x3d, 0x3d, 0x3d, 0x0d, 0x0a, 0x20, 0x52, 0x6f, 0x6c, 0x6c,
    0x62, 0x61, 0x63, 0x6b, 0x20, 0x4f, 0x70, 0x65, 0x72, 0x61, 0x74, 0x69, 0x6f, 0x6e, 0x73, 0x0d,
    0x0a, 0x20, 0x3d, 0x3d, 0x3d, 0x3d, 0x3d, 0x3d, 0x3d, 0x3d, 0x3d, 0x3d, 0x3d, 0x3d, 0x3d, 0x3d,
    0x3d, 0x3d, 0x3d, 0x3d, 0x3d, 0x3d, 0x3d, 0x3d, 0x3d, 0x3d, 0x3d, 0x3d, 0x3d, 0x3d, 0x3d, 0x3d,
    0x3d, 0x3d, 0x3d, 0x3d, 0x3d, 0x3d, 0x3d, 0x3d, 0x3d, 0x3d, 0x3d, 0x3d, 0x3d, 0x3d, 0x3d, 0x3d,
    0x3d, 0x3d, 0x3d, 0x3d, 0x3d, 0x3d, 0x3d, 0x3d, 0x3d, 0x3d, 0x3d, 0x3d, 0x3d, 0x3d, 0x3d, 0x3d,
    0x3d, 0x3d, 0x3d, 0x3d, 0x3d, 0x3d, 0x3d, 0x3d, 0x3d, 0x3d, 0x3d, 0x3d, 0x3d, 0x3d, 0x3d, 0x0d,
    0x0a, 0x0a, 0x0b, 0x0a, 0x03, 0x04, 0x19, 0x01, 0x12, 0x04, 0xc5, 0x01, 0x08, 0x17, 0x0a, 0x0d,
    0x0a, 0x05, 0x04, 0x19, 0x02, 0x00, 0x05, 0x12, 0x04, 0xc6, 0x01, 0x02, 0x08, 0x0a, 0x0c, 0x0a,
    0x04, 0x04, 0x19, 0x02, 0x00, 0x12, 0x04, 0xc6, 0x01, 0x02, 0x19, 0x0a, 0x0d, 0x0a, 0x05, 0x04,
    0x19, 0x02, 0x00, 0x01, 0x12, 0x04, 0xc6, 0x01, 0x09, 0x14, 0x0a, 0x0d, 0x0a, 0x05, 0x04, 0x19,
    0x02, 0x00, 0x03, 0x12, 0x04, 0xc6, 0x01, 0x17, 0x18, 0x0a, 0x0d, 0x0a, 0x05, 0x04, 0x19, 0x02,
    0x01, 0x05, 0x12, 0x04, 0xc7, 0x01, 0x02, 0x08, 0x0a, 0x0c, 0x0a, 0x04, 0x04, 0x19, 0x02, 0x01,
    0x12, 0x04, 0xc7, 0x01, 0x02, 0x17, 0x0a, 0x0d, 0x0a, 0x05, 0x04, 0x19, 0x02, 0x01, 0x01, 0x12,
    0x04, 0xc7, 0x01, 0x09, 0x12, 0x0a, 0x0d, 0x0a, 0x05, 0x04, 0x19, 0x02, 0x01, 0x03, 0x12, 0x04,
    0xc7, 0x01, 0x15, 0x16, 0x0a, 0x0d, 0x0a, 0x05, 0x04, 0x19, 0x02, 0x02, 0x05, 0x12, 0x04, 0xc8,
    0x01, 0x02, 0x08, 0x0a, 0x27, 0x0a, 0x04, 0x04, 0x19, 0x02, 0x02, 0x12, 0x04, 0xc8, 0x01, 0x02,
    0x1e, 0x22, 0x19, 0x20, 0x72, 0x6f, 0x6c, 0x6c, 0x62, 0x61, 0x63, 0x6b, 0x20, 0x74, 0x6f, 0x20,
    0x74, 0x68, 0x69, 0x73, 0x20, 0x63, 0x6f, 0x6d, 0x6d, 0x69, 0x74, 0x0d, 0x0a, 0x0d, 0x0a, 0x05,
    0x04, 0x19, 0x02, 0x02, 0x01, 0x12, 0x04, 0xc8, 0x01, 0x09, 0x19, 0x0a, 0x0d, 0x0a, 0x05, 0x04,
    0x19, 0x02, 0x02, 0x03, 0x12, 0x04, 0xc8, 0x01, 0x1c, 0x1d, 0x0a, 0x0d, 0x0a, 0x05, 0x04, 0x19,
    0x02, 0x03, 0x05, 0x12, 0x04, 0xc9, 0x01, 0x02, 0x08, 0x0a, 0x0c, 0x0a, 0x04, 0x04, 0x19, 0x02,
    0x03, 0x12, 0x04, 0xc9, 0x01, 0x02, 0x17, 0x0a, 0x0d, 0x0a, 0x05, 0x04, 0x19, 0x02, 0x03, 0x01,
    0x12, 0x04, 0xc9, 0x01, 0x09, 0x12, 0x0a, 0x0d, 0x0a, 0x05, 0x04, 0x19, 0x02, 0x03, 0x03, 0x12,
    0x04, 0xc9, 0x01, 0x15, 0x16, 0x0a, 0x0c, 0x0a, 0x02, 0x04, 0x1a, 0x12, 0x06, 0xcc, 0x01, 0x00,
    0xd0, 0x01, 0x01, 0x0a, 0x0b, 0x0a, 0x03, 0x04, 0x1a, 0x01, 0x12, 0x04, 0xcc, 0x01, 0x08, 0x18,
    0x0a, 0x0d, 0x0a, 0x05, 0x04, 0x1a, 0x02, 0x00, 0x05, 0x12, 0x04, 0xcd, 0x01, 0x02, 0x06, 0x0a,
    0x0c, 0x0a, 0x04, 0x04, 0x1a, 0x02, 0x00, 0x12, 0x04, 0xcd, 0x01, 0x02, 0x13, 0x0a, 0x0d, 0x0a,
    0x05, 0x04, 0x1a, 0x02, 0x00, 0x01, 0x12, 0x04, 0xcd, 0x01, 0x07, 0x0e, 0x0a, 0x0d, 0x0a, 0x05,
    0x04, 0x1a, 0x02, 0x00, 0x03, 0x12, 0x04, 0xcd, 0x01, 0x11, 0x12, 0x0a, 0x0d, 0x0a, 0x05, 0x04,
    0x1a, 0x02, 0x01, 0x05, 0x12, 0x04, 0xce, 0x01, 0x02, 0x08, 0x0a, 0x0c, 0x0a, 0x04, 0x04, 0x1a,
    0x02, 0x01, 0x12, 0x04, 0xce, 0x01, 0x02, 0x20, 0x0a, 0x0d, 0x0a, 0x05, 0x04, 0x1a, 0x02, 0x01,
    0x01, 0x12, 0x04, 0xce, 0x01, 0x09, 0x1b, 0x0a, 0x0d, 0x0a, 0x05, 0x04, 0x1a, 0x02, 0x01, 0x03,
    0x12, 0x04, 0xce, 0x01, 0x1e, 0x1f, 0x0a, 0x0d, 0x0a, 0x05, 0x04, 0x1a, 0x02, 0x02, 0x06, 0x12,
    0x04, 0xcf, 0x01, 0x02, 0x1c, 0x0a, 0x0c, 0x0a, 0x04, 0x04, 0x1a, 0x02, 0x02, 0x12, 0x04, 0xcf,
    0x01, 0x02, 0x27, 0x0a, 0x0d, 0x0a, 0x05, 0x04, 0x1a, 0x02, 0x02, 0x01, 0x12, 0x04, 0xcf, 0x01,
    0x1d, 0x22, 0x0a, 0x0d, 0x0a, 0x05, 0x04, 0x1a, 0x02, 0x02, 0x03, 0x12, 0x04, 0xcf, 0x01, 0x25,
    0x26, 0x0a, 0xc5, 0x01, 0x0a, 0x02, 0x04, 0x1b, 0x12, 0x06, 0xd6, 0x01, 0x00, 0xda, 0x01, 0x01,
    0x32, 0xb6, 0x01, 0x20, 0x3d, 0x3d, 0x3d, 0x3d, 0x3d, 0x3d, 0x3d, 0x3d, 0x3d, 0x3d, 0x3d, 0x3d,
    0x3d, 0x3d, 0x3d, 0x3d, 0x3d, 0x3d, 0x3d, 0x3d, 0x3d, 0x3d, 0x3d, 0x3d, 0x3d, 0x3d, 0x3d, 0x3d,
    0x3d, 0x3d, 0x3d, 0x3d, 0x3d, 0x3d, 0x3d, 0x3d, 0x3d, 0x3d, 0x3d, 0x3d, 0x3d, 0x3d, 0x3d, 0x3d,
    0x3d, 0x3d, 0x3d, 0x3d, 0x3d, 0x3d, 0x3d, 0x3d, 0x3d, 0x3d, 0x3d, 0x3d, 0x3d, 0x3d, 0x3d, 0x3d,
    0x3d, 0x3d, 0x3d, 0x3d, 0x3d, 0x3d, 0x3d, 0x3d, 0x3d, 0x3d, 0x3d, 0x3d, 0x3d, 0x3d, 0x3d, 0x3d,
    0x3d, 0x0d, 0x0a, 0x20, 0x43, 0x68, 0x65, 0x63, 0x6b, 0x6f, 0x75, 0x74, 0x20, 0x4f, 0x70, 0x65,
    0x72, 0x61, 0x74, 0x69, 0x6f, 0x6e, 0x73, 0x0d, 0x0a, 0x20, 0x3d, 0x3d, 0x3d, 0x3d, 0x3d, 0x3d,
    0x3d, 0x3d, 0x3d, 0x3d, 0x3d, 0x3d, 0x3d, 0x3d, 0x3d, 0x3d, 0x3d, 0x3d, 0x3d, 0x3d, 0x3d, 0x3d,
    0x3d, 0x3d, 0x3d, 0x3d, 0x3d, 0x3d, 0x3d, 0x3d, 0x3d, 0x3d, 0x3d, 0x3d, 0x3d, 0x3d, 0x3d, 0x3d,
    0x3d, 0x3d, 0x3d, 0x3d, 0x3d, 0x3d, 0x3d, 0x3d, 0x3d, 0x3d, 0x3d, 0x3d, 0x3d, 0x3d, 0x3d, 0x3d,
    0x3d, 0x3d, 0x3d, 0x3d, 0x3d, 0x3d, 0x3d, 0x3d, 0x3d, 0x3d, 0x3d, 0x3d, 0x3d, 0x3d, 0x3d, 0x3d,
    0x3d, 0x3d, 0x3d, 0x3d, 0x3d, 0x3d, 0x3d, 0x0d, 0x0a, 0x0a, 0x0b, 0x0a, 0x03, 0x04, 0x1b, 0x01,
    0x12, 0x04, 0xd6, 0x01, 0x08, 0x17, 0x0a, 0x0d, 0x0a, 0x05, 0x04, 0x1b, 0x02, 0x00, 0x05, 0x12,
    0x04, 0xd7, 0x01, 0x02, 0x08, 0x0a, 0x0c, 0x0a, 0x04, 0x04, 0x1b, 0x02, 0x00, 0x12, 0x04, 0xd7,
    0x01, 0x02, 0x19, 0x0a, 0x0d, 0x0a, 0x05, 0x04, 0x1b, 0x02, 0x00, 0x01, 0x12, 0x04, 0xd7, 0x01,
    0x09, 0x14, 0x0a, 0x0d, 0x0a, 0x05, 0x04, 0x1b, 0x02, 0x00, 0x03, 0x12, 0x04, 0xd7, 0x01, 0x17,
    0x18, 0x0a, 0x0d, 0x0a, 0x05, 0x04, 0x1b, 0x02, 0x01, 0x05, 0x12, 0x04, 0xd8, 0x01, 0x02, 0x08,
    0x0a, 0x0c, 0x0a, 0x04, 0x04, 0x1b, 0x02, 0x01, 0x12, 0x04, 0xd8, 0x01, 0x02, 0x17, 0x0a, 0x0d,
    0x0a, 0x05, 0x04, 0x1b, 0x02, 0x01, 0x01, 0x12, 0x04, 0xd8, 0x01, 0x09, 0x12, 0x0a, 0x0d, 0x0a,
    0x05, 0x04, 0x1b, 0x02, 0x01, 0x03, 0x12, 0x04, 0xd8, 0x01, 0x15, 0x16, 0x0a, 0x0d, 0x0a, 0x05,
    0x04, 0x1b, 0x02, 0x02, 0x05, 0x12, 0x04, 0xd9, 0x01, 0x02, 0x08, 0x0a, 0x0c, 0x0a, 0x04, 0x04,
    0x1b, 0x02, 0x02, 0x12, 0x04, 0xd9, 0x01, 0x02, 0x17, 0x0a, 0x0d, 0x0a, 0x05, 0x04, 0x1b, 0x02,
    0x02, 0x01, 0x12, 0x04, 0xd9, 0x01, 0x09, 0x12, 0x0a, 0x0d, 0x0a, 0x05, 0x04, 0x1b, 0x02, 0x02,
    0x03, 0x12, 0x04, 0xd9, 0x01, 0x15, 0x16, 0x0a, 0x0c, 0x0a, 0x02, 0x04, 0x1c, 0x12, 0x06, 0xdc,
    0x01, 0x00, 0xdf, 0x01, 0x01, 0x0a, 0x0b, 0x0a, 0x03, 0x04, 0x1c, 0x01, 0x12, 0x04, 0xdc, 0x01,
    0x08, 0x18, 0x0a, 0x0d, 0x0a, 0x05, 0x04, 0x1c, 0x02, 0x00, 0x05, 0x12, 0x04, 0xdd, 0x01, 0x02,
    0x06, 0x0a, 0x0c, 0x0a, 0x04, 0x04, 0x1c, 0x02, 0x00, 0x12, 0x04, 0xdd, 0x01, 0x02, 0x13, 0x0a,
    0x0d, 0x0a, 0x05, 0x04, 0x1c, 0x02, 0x00, 0x01, 0x12, 0x04, 0xdd, 0x01, 0x07, 0x0e, 0x0a, 0x0d,
    0x0a, 0x05, 0x04, 0x1c, 0x02, 0x00, 0x03, 0x12, 0x04, 0xdd, 0x01, 0x11, 0x12, 0x0a, 0x0d, 0x0a,
    0x05, 0x04, 0x1c, 0x02, 0x01, 0x06, 0x12, 0x04, 0xde, 0x01, 0x02, 0x1c, 0x0a, 0x0c, 0x0a, 0x04,
    0x04, 0x1c, 0x02, 0x01, 0x12, 0x04, 0xde, 0x01, 0x02, 0x27, 0x0a, 0x0d, 0x0a, 0x05, 0x04, 0x1c,
    0x02, 0x01, 0x01, 0x12, 0x04, 0xde, 0x01, 0x1d, 0x22, 0x0a, 0x0d, 0x0a, 0x05, 0x04, 0x1c, 0x02,
    0x01, 0x03, 0x12, 0x04, 0xde, 0x01, 0x25, 0x26, 0x0a, 0xc4, 0x01, 0x0a, 0x02, 0x06, 0x00, 0x12,
    0x06, 0xe5, 0x01, 0x00, 0xfe, 0x01, 0x01, 0x32, 0xb5, 0x01, 0x20, 0x3d, 0x3d, 0x3d, 0x3d, 0x3d,
    0x3d, 0x3d, 0x3d, 0x3d, 0x3d, 0x3d, 0x3d, 0x3d, 0x3d, 0x3d, 0x3d, 0x3d, 0x3d, 0x3d, 0x3d, 0x3d,
    0x3d, 0x3d, 0x3d, 0x3d, 0x3d, 0x3d, 0x3d, 0x3d, 0x3d, 0x3d, 0x3d, 0x3d, 0x3d, 0x3d, 0x3d, 0x3d,
    0x3d, 0x3d, 0x3d, 0x3d, 0x3d, 0x3d, 0x3d, 0x3d, 0x3d, 0x3d, 0x3d, 0x3d, 0x3d, 0x3d, 0x3d, 0x3d,
    0x3d, 0x3d, 0x3d, 0x3d, 0x3d, 0x3d, 0x3d, 0x3d, 0x3d, 0x3d, 0x3d, 0x3d, 0x3d, 0x3d, 0x3d, 0x3d,
    0x3d, 0x3d, 0x3d, 0x3d, 0x3d, 0x3d, 0x3d, 0x3d, 0x0d, 0x0a, 0x20, 0x56, 0x65, 0x72, 0x73, 0x69,
    0x6f, 0x6e, 0x69, 0x6e, 0x67, 0x20, 0x53, 0x65, 0x72, 0x76, 0x69, 0x63, 0x65, 0x0d, 0x0a, 0x20,
    0x3d, 0x3d, 0x3d, 0x3d, 0x3d, 0x3d, 0x3d, 0x3d, 0x3d, 0x3d, 0x3d, 0x3d, 0x3d, 0x3d, 0x3d, 0x3d,
    0x3d, 0x3d, 0x3d, 0x3d, 0x3d, 0x3d, 0x3d, 0x3d, 0x3d, 0x3d, 0x3d, 0x3d, 0x3d, 0x3d, 0x3d, 0x3d,
    0x3d, 0x3d, 0x3d, 0x3d, 0x3d, 0x3d, 0x3d, 0x3d, 0x3d, 0x3d, 0x3d, 0x3d, 0x3d, 0x3d, 0x3d, 0x3d,
    0x3d, 0x3d, 0x3d, 0x3d, 0x3d, 0x3d, 0x3d, 0x3d, 0x3d, 0x3d, 0x3d, 0x3d, 0x3d, 0x3d, 0x3d, 0x3d,
    0x3d, 0x3d, 0x3d, 0x3d, 0x3d, 0x3d, 0x3d, 0x3d, 0x3d, 0x3d, 0x3d, 0x3d, 0x3d, 0x0d, 0x0a, 0x0a,
    0x0b, 0x0a, 0x03, 0x06, 0x00, 0x01, 0x12, 0x04, 0xe5, 0x01, 0x08, 0x19, 0x0a, 0x18, 0x0a, 0x04,
    0x06, 0x00, 0x02, 0x00, 0x12, 0x04, 0xe7, 0x01, 0x02, 0x47, 0x1a, 0x0a, 0x20, 0x43, 0x6f, 0x6d,
    0x6d, 0x69, 0x74, 0x73, 0x0d, 0x0a, 0x0a, 0x0d, 0x0a, 0x05, 0x06, 0x00, 0x02, 0x00, 0x01, 0x12,
    0x04, 0xe7, 0x01, 0x06, 0x12, 0x0a, 0x0d, 0x0a, 0x05, 0x06, 0x00, 0x02, 0x00, 0x02, 0x12, 0x04,
    0xe7, 0x01, 0x13, 0x26, 0x0a, 0x0d, 0x0a, 0x05, 0x06, 0x00, 0x02, 0x00, 0x03, 0x12, 0x04, 0xe7,
    0x01, 0x31, 0x45, 0x0a, 0x0c, 0x0a, 0x04, 0x06, 0x00, 0x02, 0x01, 0x12, 0x04, 0xe8, 0x01, 0x02,
    0x3e, 0x0a, 0x0d, 0x0a, 0x05, 0x06, 0x00, 0x02, 0x01, 0x01, 0x12, 0x04, 0xe8, 0x01, 0x06, 0x0f,
    0x0a, 0x0d, 0x0a, 0x05, 0x06, 0x00, 0x02, 0x01, 0x02, 0x12, 0x04, 0xe8, 0x01, 0x10, 0x20, 0x0a,
    0x0d, 0x0a, 0x05, 0x06, 0x00, 0x02, 0x01, 0x03, 0x12, 0x04, 0xe8, 0x01, 0x2b, 0x3c, 0x0a, 0x0c,
    0x0a, 0x04, 0x06, 0x00, 0x02, 0x02, 0x12, 0x04, 0xe9, 0x01, 0x02, 0x44, 0x0a, 0x0d, 0x0a, 0x05,
    0x06, 0x00, 0x02, 0x02, 0x01, 0x12, 0x04, 0xe9, 0x01, 0x06, 0x11, 0x0a, 0x0d, 0x0a, 0x05, 0x06,
    0x00, 0x02, 0x02, 0x02, 0x12, 0x04, 0xe9, 0x01, 0x12, 0x24, 0x0a, 0x0d, 0x0a, 0x05, 0x06, 0x00,
    0x02, 0x02, 0x03, 0x12, 0x04, 0xe9, 0x01, 0x2f, 0x42, 0x0a, 0x19, 0x0a, 0x04, 0x06, 0x00, 0x02,
    0x03, 0x12, 0x04, 0xec, 0x01, 0x02, 0x47, 0x1a, 0x0b, 0x20, 0x42, 0x72, 0x61, 0x6e, 0x63, 0x68,
    0x65, 0x73, 0x0d, 0x0a, 0x0a, 0x0d, 0x0a, 0x05, 0x06, 0x00, 0x02, 0x03, 0x01, 0x12, 0x04, 0xec,
    0x01, 0x06, 0x12, 0x0a, 0x0d, 0x0a, 0x05, 0x06, 0x00, 0x02, 0x03, 0x02, 0x12, 0x04, 0xec, 0x01,
    0x13, 0x26, 0x0a, 0x0d, 0x0a, 0x05, 0x06, 0x00, 0x02, 0x03, 0x03, 0x12, 0x04, 0xec, 0x01, 0x31,
    0x45, 0x0a, 0x0c, 0x0a, 0x04, 0x06, 0x00, 0x02, 0x04, 0x12, 0x04, 0xed, 0x01, 0x02, 0x3e, 0x0a,
    0x0d, 0x0a, 0x05, 0x06, 0x00, 0x02, 0x04, 0x01, 0x12, 0x04, 0xed, 0x01, 0x06, 0x0f, 0x0a, 0x0d,
    0x0a, 0x05, 0x06, 0x00, 0x02, 0x04, 0x02, 0x12, 0x04, 0xed, 0x01, 0x10, 0x20, 0x0a, 0x0d, 0x0a,
    0x05, 0x06, 0x00, 0x02, 0x04, 0x03, 0x12, 0x04, 0xed, 0x01, 0x2b, 0x3c, 0x0a, 0x0c, 0x0a, 0x04,
    0x06, 0x00, 0x02, 0x05, 0x12, 0x04, 0xee, 0x01, 0x02, 0x47, 0x0a, 0x0d, 0x0a, 0x05, 0x06, 0x00,
    0x02, 0x05, 0x01, 0x12, 0x04, 0xee, 0x01, 0x06, 0x12, 0x0a, 0x0d, 0x0a, 0x05, 0x06, 0x00, 0x02,
    0x05, 0x02, 0x12, 0x04, 0xee, 0x01, 0x13, 0x26, 0x0a, 0x0d, 0x0a, 0x05, 0x06, 0x00, 0x02, 0x05,
    0x03, 0x12, 0x04, 0xee, 0x01, 0x31, 0x45, 0x0a, 0x0c, 0x0a, 0x04, 0x06, 0x00, 0x02, 0x06, 0x12,
    0x04, 0xef, 0x01, 0x02, 0x47, 0x0a, 0x0d, 0x0a, 0x05, 0x06, 0x00, 0x02, 0x06, 0x01, 0x12, 0x04,
    0xef, 0x01, 0x06, 0x12, 0x0a, 0x0d, 0x0a, 0x05, 0x06, 0x00, 0x02, 0x06, 0x02, 0x12, 0x04, 0xef,
    0x01, 0x13, 0x26, 0x0a, 0x0d, 0x0a, 0x05, 0x06, 0x00, 0x02, 0x06, 0x03, 0x12, 0x04, 0xef, 0x01,
    0x31, 0x45, 0x0a, 0x0c, 0x0a, 0x04, 0x06, 0x00, 0x02, 0x07, 0x12, 0x04, 0xf0, 0x01, 0x02, 0x47,
    0x0a, 0x0d, 0x0a, 0x05, 0x06, 0x00, 0x02, 0x07, 0x01, 0x12, 0x04, 0xf0, 0x01, 0x06, 0x12, 0x0a,
    0x0d, 0x0a, 0x05, 0x06, 0x00, 0x02, 0x07, 0x02, 0x12, 0x04, 0xf0, 0x01, 0x13, 0x26, 0x0a, 0x0d,
    0x0a, 0x05, 0x06, 0x00, 0x02, 0x07, 0x03, 0x12, 0x04, 0xf0, 0x01, 0x31, 0x45, 0x0a, 0x15, 0x0a,
    0x04, 0x06, 0x00, 0x02, 0x08, 0x12, 0x04, 0xf3, 0x01, 0x02, 0x38, 0x1a, 0x07, 0x20, 0x44, 0x69,
    0x66, 0x66, 0x0d, 0x0a, 0x0a, 0x0d, 0x0a, 0x05, 0x06, 0x00, 0x02, 0x08, 0x01, 0x12, 0x04, 0xf3,
    0x01, 0x06, 0x0d, 0x0a, 0x0d, 0x0a, 0x05, 0x06, 0x00, 0x02, 0x08, 0x02, 0x12, 0x04, 0xf3, 0x01,
    0x0e, 0x1c, 0x0a, 0x0d, 0x0a, 0x05, 0x06, 0x00, 0x02, 0x08, 0x03, 0x12, 0x04, 0xf3, 0x01, 0x27,
    0x36, 0x0a, 0x0c, 0x0a, 0x04, 0x06, 0x00, 0x02, 0x09, 0x12, 0x04, 0xf4, 0x01, 0x02, 0x4d, 0x0a,
    0x0d, 0x0a, 0x05, 0x06, 0x00, 0x02, 0x09, 0x01, 0x12, 0x04, 0xf4, 0x01, 0x06, 0x14, 0x0a, 0x0d,
    0x0a, 0x05, 0x06, 0x00, 0x02, 0x09, 0x02, 0x12, 0x04, 0xf4, 0x01, 0x15, 0x2a, 0x0a, 0x0d, 0x0a,
    0x05, 0x06, 0x00, 0x02, 0x09, 0x03, 0x12, 0x04, 0xf4, 0x01, 0x35, 0x4b, 0x0a, 0x16, 0x0a, 0x04,
    0x06, 0x00, 0x02, 0x0a, 0x12, 0x04, 0xf7, 0x01, 0x02, 0x32, 0x1a, 0x08, 0x20, 0x4d, 0x65, 0x72,
    0x67, 0x65, 0x0d, 0x0a, 0x0a, 0x0d, 0x0a, 0x05, 0x06, 0x00, 0x02, 0x0a, 0x01, 0x12, 0x04, 0xf7,
    0x01, 0x06, 0x0b, 0x0a, 0x0d, 0x0a, 0x05, 0x06, 0x00, 0x02, 0x0a, 0x02, 0x12, 0x04, 0xf7, 0x01,
    0x0c, 0x18, 0x0a, 0x0d, 0x0a, 0x05, 0x06, 0x00, 0x02, 0x0a, 0x03, 0x12, 0x04, 0xf7, 0x01, 0x23,
    0x30, 0x0a, 0x19, 0x0a, 0x04, 0x06, 0x00, 0x02, 0x0b, 0x12, 0x04, 0xfa, 0x01, 0x02, 0x3b, 0x1a,
    0x0b, 0x20, 0x52, 0x6f, 0x6c, 0x6c, 0x62, 0x61, 0x63, 0x6b, 0x0d, 0x0a, 0x0a, 0x0d, 0x0a, 0x05,
    0x06, 0x00, 0x02, 0x0b, 0x01, 0x12, 0x04, 0xfa, 0x01, 0x06, 0x0e, 0x0a, 0x0d, 0x0a, 0x05, 0x06,
    0x00, 0x02, 0x0b, 0x02, 0x12, 0x04, 0xfa, 0x01, 0x0f, 0x1e, 0x0a, 0x0d, 0x0a, 0x05, 0x06, 0x00,
    0x02, 0x0b, 0x03, 0x12, 0x04, 0xfa, 0x01, 0x29, 0x39, 0x0a, 0x19, 0x0a, 0x04, 0x06, 0x00, 0x02,
    0x0c, 0x12, 0x04, 0xfd, 0x01, 0x02, 0x3b, 0x1a, 0x0b, 0x20, 0x43, 0x68, 0x65, 0x63, 0x6b, 0x6f,
    0x75, 0x74, 0x0d, 0x0a, 0x0a, 0x0d, 0x0a, 0x05, 0x06, 0x00, 0x02, 0x0c, 0x01, 0x12, 0x04, 0xfd,
    0x01, 0x06, 0x0e, 0x0a, 0x0d, 0x0a, 0x05, 0x06, 0x00, 0x02, 0x0c, 0x02, 0x12, 0x04, 0xfd, 0x01,
    0x0f, 0x1e, 0x0a, 0x0d, 0x0a, 0x05, 0x06, 0x00, 0x02, 0x0c, 0x03, 0x12, 0x04, 0xfd, 0x01, 0x29,
    0x39, 0x62, 0x06, 0x70, 0x72, 0x6f, 0x74, 0x6f, 0x33,
];
include!("vedo.versioning.v1.tonic.rs");
// @@protoc_insertion_point(module)